school,published_qualifier_seats,published_reward_seats,simulated_seats,match
上海交通大学,3,1,3,yes
上海大学,2,2,2,yes
上海理工大学,1,0,1,yes
上海科技大学,1,0,1,yes
上海纽约大学,1,0,1,yes
东北大学,3,2,3,yes
东北大学秦皇岛分校,3,0,3,yes
东北师范大学,1,0,1,yes
东北林业大学,1,0,1,yes
东华大学,1,0,1,yes
东南大学,3,0,3,yes
东莞理工学院,1,0,1,yes
中南大学,2,1,2,yes
中国人民大学,3,0,3,yes
中国传媒大学,3,0,3,yes
中国地质大学（北京）,1,0,1,yes
中国民航大学,1,0,1,yes
中国石油大学（华东）,1,0,1,yes
中国科学技术大学,3,1,3,yes
中国科学院大学,3,0,3,yes
中国计量大学,1,0,1,yes
中山大学,3,1,3,yes
兰州大学,1,0,1,yes
北京交通大学,2,1,2,yes
北京信息科技大学,1,0,1,yes
北京化工大学,1,0,1,yes
北京大学,3,2,3,yes
北京工业大学,1,0,1,yes
北京师范大学,1,0,1,yes
北京建筑大学,1,0,1,yes
北京林业大学,1,0,1,yes
北京理工大学,3,0,3,yes
北京科技大学,1,0,1,yes
北京航空航天大学,3,1,3,yes
北京邮电大学,3,1,3,yes
北方工业大学,1,0,1,yes
华东师范大学,3,0,3,yes
华东理工大学,1,0,1,yes
华中科技大学,3,1,3,yes
华南农业大学,1,0,1,yes
华南师范大学,3,0,3,yes
华南理工大学,3,0,3,yes
南京信息工程大学,2,0,2,yes
南京大学,3,1,3,yes
南京理工大学,3,1,3,yes
南京航空航天大学,3,2,3,yes
南京邮电大学,2,1,2,yes
南开大学,3,0,3,yes
南方科技大学,3,1,3,yes
厦门大学,3,0,3,yes
厦门理工学院,1,0,1,yes
吉林大学,3,0,3,yes
同济大学,3,0,3,yes
哈尔滨工业大学,3,1,3,yes
哈尔滨工业大学（威海）,2,0,2,yes
哈尔滨工业大学（深圳）,3,0,3,yes
四川大学,3,0,3,yes
国防科技大学,3,1,3,yes
复旦大学,3,0,3,yes
大连海事大学,1,0,1,yes
大连理工大学,3,0,3,yes
天津大学,2,0,2,yes
宁波财经学院,1,0,1,yes
安徽大学,1,0,1,yes
山东大学,3,1,3,yes
山东大学（威海）,1,0,1,yes
山东理工大学,1,0,1,yes
广东工业大学,3,0,3,yes
广州大学,1,0,1,yes
广西大学,1,0,1,yes
成都信息工程大学,2,0,2,yes
暨南大学,1,0,1,yes
杭州师范大学,1,1,1,yes
杭州电子科技大学,3,0,3,yes
杭州电子科技大学信息工程学院,1,0,1,yes
武汉大学,3,1,3,yes
武汉理工大学,3,1,3,yes
武汉科技大学,2,0,2,yes
江南大学,1,0,1,yes
江苏大学,1,0,1,yes
江西师范大学,1,0,1,yes
河北工程大学,1,0,1,yes
河南农业大学,1,0,1,yes
河南大学,2,0,2,yes
河南理工大学,1,0,1,yes
河海大学,2,0,2,yes
济南大学,1,0,1,yes
浙大城市学院,1,0,1,yes
浙江农林大学,1,0,1,yes
浙江大学,3,2,3,yes
浙江工业大学,3,0,3,yes
浙江师范大学,2,0,2,yes
浙江理工大学,2,0,2,yes
浙江财经大学,1,0,1,yes
深圳大学,3,0,3,yes
清华大学,3,1,3,yes
温州大学,1,0,1,yes
湖南城市学院,1,0,1,yes
湖南大学,1,1,1,yes
湖南师范大学,1,0,1,yes
湘潭大学,3,0,3,yes
电子科技大学,3,2,3,yes
福州大学,3,0,3,yes
福建理工大学,1,0,1,yes
苏州大学,1,0,1,yes
西北大学,1,0,1,yes
西北工业大学,3,2,3,yes
西华大学,1,0,1,yes
西南财经大学,1,0,1,yes
西安交通大学,3,1,3,yes
西安电子科技大学,3,0,3,yes
西湖大学,3,0,3,yes
重庆大学,1,0,1,yes
重庆工程学院,1,0,1,yes
重庆理工大学,1,0,1,yes
重庆邮电大学,3,0,3,yes
长春理工大学,1,0,1,yes
长江大学,1,0,1,yes
长沙理工大学,1,0,1,yes
集美大学,1,0,1,yes
香港中文大学,3,1,3,yes
香港中文大学（深圳）,2,1,2,yes
香港大学,1,1,1,yes
香港科技大学,2,1,2,yes
香港科技大学（广州）,3,0,3,yes
