step,seat,tier,site,official_rank,school,team,members,solved,penalty_minutes,medal,decision,in_published_table2
1,1,1,wuhan,1,北京大学,一步之遥,钱易|彭博|施开成,10,1145,gold,admitted,yes
2,2,1,shenyang,1,北京大学,不渡轮回,郭羽冲|沈吉滪|陈昕阳,12,1535,gold,admitted,yes
3,3,1,xian,1,上海交通大学,夏日影,刘家宁|朱泽木|冯启豫,10,1019,gold,admitted,yes
4,4,1,nanjing,1,清华大学,零基础新生 1 队,刘海峰|陈诺|徐骁扬,12,1260,gold,admitted,yes
5,,1,chengdu,1,清华大学,零基础新生 1 队,徐骁扬|刘海峰|陈诺,11,983,gold,skip: team already admitted at nanjing #1,
6,,1,shanghai,1,北京大学,一步之遥,钱易|彭博|施开成,12,1457,gold,skip: team already admitted at wuhan #1,
7,5,2,wuhan,2,清华大学,momomorphism,闫陈效|曹立|陈实,10,1311,gold,admitted,yes
8,6,2,shenyang,2,浙江大学,乘着西风出发喽！,严子轩|张湫阳|侯之远,9,1217,gold,admitted,yes
9,7,2,xian,2,清华大学,击中月亮,戚朗瑞|程思元|魏佳泽,10,1163,gold,admitted,yes
10,8,2,nanjing,2,北京大学,飞带不长队,方心童|蒋承佑|郑钧,12,1738,gold,admitted,no
11,,2,chengdu,2,上海交通大学,夏日影,刘家宁|朱泽木|冯启豫,11,1008,gold,skip: team already admitted at xian #1,
12,,2,shanghai,2,北京大学,随机匹配,柯绎思|柯怿憬|谢梓涵,10,1660,gold,skip: school already has 3,
13,9,3,wuhan,3,中山大学,中山大学-游客模式,陈景泰|吴永聪|薛炜鹏,9,1107,gold,admitted,yes
14,,3,shenyang,3,北京大学,为你而来,焦思源|周泽坤|徐恺,8,892,gold,skip: school already has 3,
15,,3,xian,3,清华大学,家里蹲,李静榕|仲煦北|史家丞,10,1254,gold,skip: school already has 3,
16,,3,nanjing,3,北京大学,小怪兽训练中心,严思珩|葛致远|翟鹏昊,11,1640,gold,skip: school already has 3,
17,,3,chengdu,3,北京大学,飞带不长队,方心童|蒋承佑|郑钧,10,1093,gold,skip: team already admitted at nanjing #2,
18,10,3,shanghai,3,复旦大学,随机一个字符串得了,胡予衡|文凯杰|苏逸恒,9,1198,gold,admitted,yes
19,,4,wuhan,4,北京大学,抹茶小蛋糕,孙培轩|章弥炫|陈哲章,8,869,gold,skip: school already has 3,
20,,4,shenyang,4,北京大学,呆呆鸟,朱剑枫|王蔚澄|李羿辰,8,1051,gold,skip: school already has 3,
21,,4,xian,4,北京大学,不渡轮回,郭羽冲|陈昕阳|沈吉滪,10,1361,gold,skip: team already admitted at shenyang #1,
22,,4,nanjing,4,清华大学,雾里看花,李昕然|胡赵阳|黄洛天,11,1716,gold,skip: school already has 3,
23,11,4,chengdu,4,复旦大学,使题来袭╭(╯ε╰)╮AC力场全开,陈佳鹏|阚子淳|徐子恩,10,1121,gold,admitted,yes
24,12,4,shanghai,4,上海交通大学,启明星,杨崇烨|李俊毅|唐星珣,9,1204,gold,admitted,yes
25,,5,wuhan,5,北京大学,随机匹配,柯绎思|柯怿憬|谢梓涵,8,881,gold,skip: school already has 3,
26,13,5,shenyang,5,武汉大学,秘封俱乐部,李佳隆|熊师飏|潘非,8,1121,gold,admitted,yes
27,14,5,xian,5,中山大学,中大25一队,刘铭仁|孔德锐|董睿嘉,10,1402,gold,admitted,yes
28,,5,nanjing,5,北京大学,你先别急,吴泽岳|孙恒喆|陈凯丰,10,1139,gold,skip: school already has 3,
29,15,5,chengdu,5,上海交通大学,霞染长空,黄佳瑞|钱智煊|林乐逍,10,1122,gold,admitted,yes
30,,5,shanghai,5,北京大学,该用户名已被占用,胡家哲|冯天琦|陈浩霆,8,1074,gold,skip: school already has 3,
31,16,6,wuhan,6,哈尔滨工业大学,上海蓬莱法国荷兰西藏京都伦敦俄罗斯奥尔良人形,张彭凯|张城玮|丁文涛,8,974,gold,admitted,yes
32,17,6,shenyang,6,西安交通大学,天狼星的心脏,洪家庆|刘一可|许孜诚,7,804,gold,admitted,yes
33,18,6,xian,6,杭州电子科技大学,杭电一队,何卓锟|马文浩|黄光升,9,890,gold,admitted,yes
34,,6,nanjing,6,清华大学,Escape,郭雨豪|任舍予|郑玄晔,10,1224,gold,skip: school already has 3,
35,,6,chengdu,6,清华大学,击中月亮,程思元|魏佳泽|戚朗瑞,10,1157,gold,skip: team already admitted at xian #2,
36,19,6,shanghai,6,浙江大学,杨桃星球,应宸宇|周学诚|朱天煜,8,1239,gold,admitted,yes
37,20,7,wuhan,7,吉林大学,故障吉奇人,于之航|陈鹏旭|徐梓博,8,992,gold,admitted,yes
38,21,7,shenyang,7,西安交通大学,六兆年零一夜的 ACM,薛楠恺|黄万平|李子涵,7,809,gold,admitted,yes
39,,7,xian,7,北京大学,呜呜杂班,蔡立一|李嘉佑|马未然,9,1249,gold,skip: school already has 3,
40,,7,nanjing,7,复旦大学,使题来袭╭(╯ε╰)╮AC力场全开,陈佳鹏|阚子淳|徐子恩,10,1336,gold,skip: team already admitted at chengdu #4,
41,22,7,chengdu,7,广东工业大学,打ACM导致的,庞翔|杨子弘|林正,10,1200,gold,admitted,yes
42,23,7,shanghai,7,中山大学,中山大学-2333er,高祖伟|刘翔乐|高艺桐,8,1293,gold,admitted,yes
43,24,8,wuhan,8,香港中文大学,酒心魚蛋派,謝昶豪|黃進|盧沂鋒,8,1088,gold,admitted,yes
44,,8,shenyang,8,哈尔滨工业大学,少女幻葬,张城玮|张彭凯|丁文涛,7,848,gold,skip: team already admitted at wuhan #6,
45,,8,xian,8,清华大学,能陪我延一辈子的毕吗？,魏辰轩|王思图|陈亮舟,9,1298,gold,skip: school already has 3,
46,25,8,nanjing,8,福州大学,惡·即·斬,陈宇|陈建涛|程棋晖,10,1595,gold,admitted,yes
47,,8,chengdu,8,北京大学,能不能想一个队名,胡一凡|杨博|金浩贤,10,1203,gold,skip: school already has 3,
48,,8,shanghai,8,北京大学,抹茶小蛋糕,孙培轩|陈哲章|章弥炫,7,884,gold,skip: school already has 3,
49,,9,wuhan,9,清华大学,进行一个象的抽,王锦博|张睿阳|张怀沙,8,1116,gold,skip: school already has 3,
50,26,9,shenyang,9,中国科学技术大学,摸鱼之魂终将归来,温家睿|林度|陈凌峰,7,875,gold,admitted,yes
51,27,9,xian,9,中国科学技术大学,中科大少女班代表队,李俊辰|冯正桦|邵晓玮,9,1358,gold,admitted,yes
52,28,9,nanjing,9,中国科学技术大学,铜铜铜sahur,范宇祺|梁嘉文|孙志浩,10,1602,gold,admitted,yes
53,,9,chengdu,9,北京大学,没队名,张恒毅|李铭乐洋|翟锦程,10,1230,gold,skip: school already has 3,
54,29,9,shanghai,9,北京师范大学,安卓狗,王儒斌|王梓霁|罗一粟,7,995,gold,admitted,yes
55,30,10,wuhan,10,浙江大学,十发罚时,徐锐扬|吴与伦|万弘,8,1292,gold,admitted,yes
56,31,10,shenyang,10,同济大学,于离别之朝束起约定之花,高胜寒|刘诗奇|靳嘉成,7,904,gold,admitted,yes
57,32,10,xian,10,东南大学,薄暮冥冥,周天一|颜熙|杜岩旭,9,1375,gold,admitted,yes
58,,10,nanjing,10,广东工业大学,打ACM导致的,林正|庞翔|杨子弘,10,1804,gold,skip: team already admitted at chengdu #7,
59,,10,chengdu,10,中国科学技术大学,铜铜铜sahur,范宇祺|孙志浩|梁嘉文,10,1264,gold,skip: team already admitted at nanjing #9,
60,,10,shanghai,10,上海交通大学,且歌,魏可臻|秦一苇|于恩帝,7,1020,gold,skip: school already has 3,
61,,11,wuhan,11,北京大学,请输入文本,苏泓燃|陆梓炀|刘佳未,8,1408,gold,skip: school already has 3,
62,,11,shenyang,11,上海交通大学,青蘋之末,谭钧豪|江若泓|朱添翼,7,909,gold,skip: school already has 3,
63,33,11,xian,11,北京理工大学,Penalty这么高它的意思一定是分数吧,黄康|柯宁皓|张思哲,9,1631,gold,admitted,yes
64,,11,nanjing,11,武汉大学,秘封俱乐部,李佳隆|熊师飏|潘非,9,1085,gold,skip: team already admitted at shenyang #5,
65,34,11,chengdu,11,东北大学,东北大学_俊杰粉丝团,谢天石|张佳栋|苏焜,10,1268,gold,admitted,yes
66,35,11,shanghai,11,南京大学,肆零捌,黄亮|叶昱圻|刘玉琢,7,1076,gold,admitted,yes
67,,12,wuhan,12,清华大学,青一色,陈紫阳|胡昊|褚轩宇,8,1417,gold,skip: school already has 3,
68,36,12,shenyang,12,香港中文大学,酒心魚蛋派,谢昶豪|黄进|卢沂锋,7,913,gold,admitted,yes
69,,12,xian,12,北京大学,补队,陈果熠|祁亮哲|陈威滔,8,858,gold,skip: school already has 3,
70,37,12,nanjing,12,复旦大学,三棱镜,戴承皓|潘梓睿|杨辰浩,9,1127,gold,admitted,no
71,,12,chengdu,12,北京大学,蒟蒻排队,史皓嘉|鲜博宇|袁浩为,10,1478,gold,skip: school already has 3,
72,38,12,shanghai,12,上海纽约大学,小男娘,陈智谦|解丰羽|张乐楠,7,1183,gold,admitted,yes
73,,13,wuhan,13,清华大学,惊觉往事历历已经年,郭米乐|苏明阳|李宁远,8,1458,gold,skip: school already has 3,
74,39,13,shenyang,13,南京大学,招魂时刻,杨涵宇|陈煜航|何平,7,926,gold,admitted,yes
75,,13,xian,13,浙江大学,杨桃星球,朱天煜|应宸宇|周学诚,8,916,gold,skip: team already admitted at shanghai #6,
76,,13,nanjing,13,清华大学,你们这是什么队啊,舒熙皓|马梓航|唐一文,9,1146,gold,skip: school already has 3,
77,,13,chengdu,13,浙江大学,十发罚时,万弘|徐锐扬|吴与伦,9,975,gold,skip: team already admitted at wuhan #10,
78,40,13,shanghai,13,香港中文大学,别笑，你来你也过不了test 2,姜宣丞|张天瀚|朱睿正,7,1261,gold,admitted,yes
79,,14,wuhan,14,复旦大学,所以我们队名叫啥,曾添琪|李天呈|郑杞珩,7,734,gold,skip: school already has 3,
80,41,14,shenyang,14,中国人民大学,Distance,颜黎|江易洋|施涵森,7,997,gold,admitted,yes
81,,14,xian,14,清华大学,不要再 ultra 了,姚熙|李劲逸|赵英智,8,994,gold,skip: school already has 3,
82,42,14,nanjing,14,电子科技大学,UESTC_undefined_WiFi,梁育诚|陈奕可|汪澄,9,1150,gold,admitted,yes
83,,14,chengdu,13,中国科学技术大学,无垠,韩尚格|王怡钧|赖浩宸,9,975,gold,skip: school already has 3,
84,43,14,shanghai,14,西北工业大学,wanna be free,程文楷|尹新祥|龚熙尧,7,1365,gold,admitted,yes
85,,15,wuhan,15,上海交通大学,青蘋之末,谭钧豪|江若泓|朱添翼,7,789,gold,skip: school already has 3,
86,,15,shenyang,15,中国科学技术大学,这一世，我转生到了ustc,俞程|陈子载|王天竹,7,1110,gold,skip: school already has 3,
87,,15,xian,15,中山大学,中山大学_无限天堂,韩冠东|邱恺铭|李昊洲,8,1111,gold,skip: school already has 3,
88,44,15,nanjing,15,浙江工业大学,ZJUT0,陈泓睿|冯梓航|陆仙梁,9,1252,gold,admitted,yes
89,,15,chengdu,15,清华大学,罚时小队,李春进|华羽帆|孙梓皓,9,1037,gold,skip: school already has 3,
90,45,15,shanghai,15,武汉大学,0大于队名长度,苏泓宇|胡文锦|李王城,7,1420,gold,admitted,yes
91,,16,wuhan,16,电子科技大学,UESTC_undefined_WiFi,陈奕可|汪澄|梁育诚,7,834,gold,skip: team already admitted at nanjing #14,
92,,16,shenyang,16,北京大学,曾叶翔,官文翔|叶浩瀚|曾于轩,7,1329,gold,skip: school already has 3,
93,,16,xian,16,复旦大学,五行缺金,张勖扬|林诗航|沈子轩,8,1225,gold,skip: school already has 3,
94,46,16,nanjing,16,香港科技大学（广州）,因为太怕 WA 就全点大模拟了,王向前|罗浩|储文皓,9,1337,gold,admitted,yes
95,47,16,chengdu,16,北京航空航天大学,蒋小军,蒋槟阳|董和军|王大禹,9,1057,gold,admitted,yes
96,,16,shanghai,16,中山大学,中山大学-打铁旅游,苏律硕|肖淇|吴明禹,7,1455,gold,skip: school already has 3,
97,,17,wuhan,17,复旦大学,倒头就睡,张圣皓|朱翔宇|王瑞藻,7,837,gold,skip: school already has 3,
98,48,17,shenyang,17,西安交通大学,跟你嗦，认真的我啊敲级萌 等待,方亦晨|殷嘉鹏|陈儒恒,6,598,gold,admitted,yes
99,49,17,xian,17,四川大学,球状闪电,韩子睿|林宸|李祉橙,8,1358,gold,admitted,yes
100,,17,nanjing,17,北京大学,很显然我有意见,咸浩哲|陈睿泽|金天,9,1453,gold,skip: school already has 3,
101,,17,chengdu,17,武汉大学,队名长度小于0,苏泓宇|胡文锦|李王城,9,1061,gold,skip: team already admitted at shanghai #15,
102,,17,shanghai,17,浙江大学,假如像他一样语文 130,毛艺婷|姜圻圣|张涵硕,7,1485,gold,skip: school already has 3,
103,50,18,wuhan,18,中国人民大学,字节无虞,陈礼邦|钱泽瑄|刘嘉俊,7,919,gold,admitted,yes
104,51,18,shenyang,18,山东大学,海鸥灭火器,苏苏|王艺臻|刘子龙,6,648,gold,admitted,yes
105,52,18,xian,18,浙江理工大学,你怎么知道我在cc网络赛用py拿全场一血,姚仁杰|任麒源|卢一鸣,7,740,gold,admitted,yes
106,53,18,nanjing,18,四川大学,超级洋医,熊一鸣|王鹏超|杨轶涵,9,1515,gold,admitted,yes
107,54,18,chengdu,18,山东大学,SDU-ENG,钟以楠|陈方航|刘智豪,9,1149,gold,admitted,yes
108,,18,shanghai,18,中国科学技术大学,无垠,韩尚格|王怡钧|赖浩宸,6,686,gold,skip: school already has 3,
109,55,19,wuhan,19,西湖大学,world.execute(me);,严密|汪阳|俞开,7,976,gold,admitted,yes
110,,19,shenyang,19,西北工业大学,wanna be free,程文楷|龚熙尧|尹新祥,6,743,gold,skip: team already admitted at shanghai #14,
111,,19,xian,19,浙江工业大学,ZJUT0,陆仙梁|陈泓睿|冯梓航,7,753,gold,skip: team already admitted at nanjing #15,
112,,19,nanjing,19,中山大学,中山大学-游客模式,吴永聪|陈景泰|薛炜鹏,9,1645,gold,skip: team already admitted at wuhan #3,
113,,19,chengdu,19,浙江大学,幻想时刻,张厚华|朱睿哲|柯怀俊,9,1272,gold,skip: school already has 3,
114,,19,shanghai,19,上海交通大学,华丽收场+,梁航宇|黄烨威|蒋天杭,6,831,gold,skip: school already has 3,
115,,20,wuhan,20,同济大学,于离别之朝束起约定之花,高胜寒|靳嘉成|刘诗奇,7,1009,gold,skip: team already admitted at shenyang #10,
116,,20,shenyang,20,复旦大学,做AC梦,张一博|王子铭|李泽昊,6,828,gold,skip: school already has 3,
117,56,20,xian,20,南京大学,平流层,陈梓睿|潘谟天|陆华均,7,806,gold,admitted,no
118,,20,nanjing,20,北京师范大学,安卓狗,王梓霁|王儒斌|罗一粟,8,960,gold,skip: team already admitted at shanghai #9,
119,,20,chengdu,20,中山大学,中山大学-2333er,高祖伟|刘翔乐|高艺桐,9,1285,gold,skip: team already admitted at shanghai #7,
120,57,20,shanghai,20,电子科技大学,UESTC_十斤鸭梨,黄霖|徐辰烨|祁泓金,6,883,gold,admitted,yes
121,58,21,wuhan,21,华中科技大学,落叶知秋,麦骏|俞仲遥|臧业乾,7,1029,gold,admitted,yes
122,59,21,shenyang,21,兰州大学,迷途之子,吕澎|吴晨阳|张恩彬,6,857,gold,admitted,yes
123,60,21,xian,21,哈尔滨工业大学（深圳）,潜水小怪,孙宇开|羊柯伍|梁彬,7,808,gold,admitted,yes
124,,21,nanjing,21,中国人民大学,Distance,颜黎|江易洋|施涵森,8,970,gold,skip: team already admitted at shenyang #14,
125,61,21,chengdu,21,北京航空航天大学,北航三院急诊科,杭洋|李墨之|邹广健,9,1286,gold,admitted,yes
126,62,21,shanghai,21,北京邮电大学,不是清北一队,许智彬|潘毅恒|杨浩琨,6,892,gold,admitted,yes
127,,22,wuhan,22,浙江大学,幻想时刻,朱睿哲|柯怀俊|张厚华,7,1043,gold,skip: school already has 3,
128,63,22,shenyang,22,华东师范大学,与夏之花,谢书骁|杜霖|程籽实,6,867,gold,admitted,yes
129,,22,xian,22,上海交通大学,空月之歌,任子杭|周学信|朱一铭,7,811,gold,skip: school already has 3,
130,,22,nanjing,22,上海交通大学,且歌,魏可臻|于恩帝|秦一苇,8,1179,gold,skip: school already has 3,
131,,22,chengdu,22,中山大学,中山大学-三驱兄弟,张宸睿|周睿韬|张益晟,9,1346,gold,skip: school already has 3,
132,,22,shanghai,22,南京大学,招魂时刻,何平|陈煜航|杨涵宇,6,898,gold,skip: team already admitted at shenyang #13,
133,,23,wuhan,23,东北大学,东北大学_瑞狩展摊一发抽中抱枕望周知,谢天石|张佳栋|苏焜,7,1048,gold,skip: team already admitted at chengdu #11,
134,,23,shenyang,23,南京大学,该名称已被占用,罗荣鑫|卢林强|汪文韬,6,868,gold,skip: school already has 3,
135,64,23,xian,23,华中科技大学,零,刘铖|刘星佳|黄暄骜,7,826,gold,admitted,yes
136,,23,nanjing,23,上海交通大学,霞染长空,黄佳瑞|钱智煊|林乐逍,8,1195,gold,skip: team already admitted at chengdu #5,
137,65,23,chengdu,23,南方科技大学,南方科技大学-拉基,易楚曦|陈恺桉|蒲韦坤,9,1355,gold,admitted,yes
138,66,23,shanghai,23,武汉大学,西柚柠檬气泡水,徐嘉浩|金润禾|陶赞宇,6,914,gold,admitted,yes
139,67,24,wuhan,24,暨南大学,真得想个队名了,刘昌源|王宇涛|王星钱,7,1051,gold,admitted,yes
140,68,24,shenyang,24,电子科技大学,UESTC_desuwa,包航|雷霖|覃子睿,6,902,gold,admitted,yes
141,69,24,xian,24,北京邮电大学,此队伍名由AI生成,赵思涵|张鲁豫|蔡芝林,7,856,gold,admitted,yes
142,70,24,nanjing,24,香港中文大学（深圳）,Mynoghra,周莫非|王泽诚|陈嘉年,8,1251,gold,admitted,yes
143,,24,chengdu,24,清华大学,有标号带花树计数,汪直方|黄思远|林卓铖,9,1402,gold,skip: school already has 3,
144,71,24,shanghai,24,湘潭大学,沪上老登,卓越|曾庆鑫|程书涵,6,937,gold,admitted,yes
145,,25,wuhan,25,杭州电子科技大学,杭电1队,马文浩|何卓锟|黄光升,7,1057,gold,skip: team already admitted at xian #6,
146,72,25,shenyang,25,北京交通大学,绮罗星距离,陈可致|杨展宇|李沛桐,6,965,gold,admitted,yes
147,73,25,xian,25,北京航空航天大学,双星很难吗？我rks12.66,金厚泽|陈文卓|刘睿知,7,878,gold,admitted,no
148,,25,nanjing,25,浙江大学,北极星,王羽立|尤佳骏|余承恩,8,1391,gold,skip: school already has 3,
149,,25,chengdu,25,香港中文大学,别笑，你来你也过不了test 2,张天瀚|姜宣丞|朱睿正,9,1513,gold,skip: team already admitted at shanghai #13,
150,,25,shanghai,25,复旦大学,五行缺金,林诗航|张勖扬|沈子轩,6,958,gold,skip: school already has 3,
151,,26,wuhan,26,中山大学,中山大学-中大25一队,董睿嘉|孔德锐|刘铭仁,7,1060,gold,skip: team already admitted at xian #5,
152,,26,shenyang,26,北京航空航天大学,爱喝霸王茶姬的哈基米,沈培森|华晓飞|孙一弘,5,402,gold,skip: school already has 3,
153,74,26,xian,25,南开大学,数智省身_比起xcpc我更喜欢拿铁,郭军凯|刘沛鑫|廖望,7,878,gold,admitted,yes
154,,26,nanjing,26,中山大学,中山大学-喵喵队想旷工,陈悠然|邱泽敏|曹子键,7,863,gold,skip: school already has 3,
155,,26,chengdu,26,浙江大学,假如像他一样语文 130,张涵硕|毛艺婷|姜圻圣,8,777,gold,skip: school already has 3,
156,,26,shanghai,26,南京大学,RE的怪物正从窗边看着,陈新|金昕炜|李睿星,6,960,gold,skip: school already has 3,
157,,27,wuhan,27,北京大学,注意到不难发现,刘洋|聂于涵|罗锐,7,1084,gold,skip: school already has 3,
158,75,27,shenyang,27,西安电子科技大学,什么都不会也能参加ACM吗,汤修齐|吴晨|潘振,5,434,gold,admitted,yes
159,,27,xian,27,南京大学,拂晓之刃,钟佳伦|黄哲轩|张罗亮,7,887,gold,skip: school already has 3,
160,76,27,nanjing,27,华中科技大学,哈斯特坐牢领域大神,潘裕洲|杨逸轩|武琪峻,7,943,gold,admitted,yes
161,,27,chengdu,27,中山大学,中山大学-无限天堂,邱恺铭|李昊洲|韩冠东,8,811,gold,skip: school already has 3,
162,77,27,shanghai,27,山东大学,电话微波炉（暂定）,詹靖杰|宿子腾|连君朴,6,962,gold,admitted,yes
163,,28,wuhan,28,四川大学,超级洋医,王鹏超|杨轶涵|熊一鸣,7,1139,gold,skip: team already admitted at nanjing #18,
164,,28,shenyang,28,北京航空航天大学,13 级大风,王肖鉴|敬若曦|李东骏,5,444,gold,skip: school already has 3,
165,78,28,xian,28,东华大学,不可视境界线,杨韵清|沈兴波|金浩帆,7,925,gold,admitted,yes
166,79,28,nanjing,28,中国人民大学,睡眠零队,吴致楷|张梓桐|段宇哲,7,1018,gold,admitted,yes
167,,28,chengdu,28,南京大学,呢喃得了mvp,王意诚|卢泰烨|荣恒嬉,8,833,gold,skip: school already has 3,
168,,28,shanghai,28,北京航空航天大学,奇迹和魔法，都是存在的,李澎瑞|孙健钧|黄伟宁,6,980,gold,skip: school already has 3,
169,,29,wuhan,29,清华大学,报名晚了,董亦骐|钟自厚|崔隽章,7,1154,gold,skip: school already has 3,
170,,29,shenyang,29,浙江理工大学,CF 关注 Fantasy_Blue 谢谢喵,姚仁杰|任麒源|卢一鸣,5,452,gold,skip: team already admitted at xian #18,
171,80,29,xian,29,济南大学,花开之夜,丁浩宇|程明达|肖远志,7,936,gold,admitted,yes
172,81,29,nanjing,29,西北工业大学,#N/A,张天翔|牛马思元|张贝西彦,7,1057,gold,admitted,yes
173,,29,chengdu,29,南京大学,CS-408,叶昱圻|刘玉琢|黄亮,8,872,gold,skip: team already admitted at shanghai #11,
174,,29,shanghai,29,山东大学,SDU-ENG,钟以楠|陈方航|刘智豪,6,989,gold,skip: team already admitted at chengdu #18,
175,,30,wuhan,30,华中科技大学,糖果酱,赵亮亮|李嘉明|丁易然,7,1434,gold,skip: school already has 3,
176,82,30,shenyang,30,浙江农林大学,天河圣芒斩,任益超|陈柳|朱冠霖,5,465,gold,admitted,yes
177,83,30,xian,30,华南理工大学,华工十队,王雅恒|黄烁韩|何嘉骅,7,961,gold,admitted,yes
178,84,30,nanjing,30,北京理工大学,英文队名,王翔宇|谭意青|李皓辰,7,1092,gold,admitted,yes
179,,30,chengdu,30,华中科技大学,长夜杯空,万睿朋|李鑫|邓本永,8,881,gold,skip: school already has 3,
180,,30,shanghai,30,华中科技大学,和平讨论不带节奏,冯育硕|聂卓然|杨家祯,6,1009,gold,skip: school already has 3,
181,,31,wuhan,31,南京大学,我们仍未知道那天所看见的acmer的名字,张瑞珉|朱羽宽|陈子达,6,555,gold,skip: school already has 3,
182,85,31,shenyang,31,华南理工大学,Callmeplayxcpc,吕浩天|梁立州|徐睿,5,475,gold,admitted,yes
183,86,31,xian,31,浙江工业大学,ZJUT2,周泳良|周睿|闵士轩,7,981,gold,admitted,yes
184,,31,nanjing,31,电子科技大学,UESTC_十斤鸭梨,徐辰烨|黄霖|祁泓金,7,1123,gold,skip: team already admitted at shanghai #20,
185,87,31,chengdu,31,哈尔滨工业大学（深圳）,哈气五小时,曹鹏宇|曹锦程|高俊垚,8,930,gold,admitted,yes
186,88,31,shanghai,31,南方科技大学,南方科技大学-养老院护工,姜奕豪|张祺宇|叶翰邦,6,1015,silver,admitted,yes
187,,32,wuhan,32,西安交通大学,六兆年零一夜的 ACM,薛楠恺|黄万平|李子涵,6,568,gold,skip: team already admitted at shenyang #7,
188,,32,shenyang,31,中国人民大学,睡眠零队,吴致楷|张梓桐|段宇哲,5,475,gold,skip: team already admitted at nanjing #28,
189,89,32,xian,32,湖南师范大学,雾之湖,曾磊鑫|钟啸|段天琦,7,1025,gold,admitted,yes
190,,32,nanjing,32,南京大学,RE的怪物正从窗边看着,陈新|李睿星|金昕炜,7,1163,gold,skip: school already has 3,
191,90,32,chengdu,32,哈尔滨工业大学（威海）,为帅气毕业老学长征婚QQ搜“莱芜贝克汉姆”,龙禺辰|吴昊亮|李义朋,8,956,gold,admitted,yes
192,,32,shanghai,32,湖南师范大学,雾之湖,段天琦|钟啸|魏佳蕾,6,1025,silver,skip: team already admitted at xian #32,
193,,33,wuhan,33,中国科学技术大学,中科大少女班代表队,邵晓玮|冯正桦|李俊辰,6,578,gold,skip: team already admitted at xian #9,
194,91,33,shenyang,33,湘潭大学,无名之辈,王兮|谭诚|吴凡雨,5,500,gold,admitted,yes
195,,33,xian,33,复旦大学,奶龙的小七,沈高畅|邹丰羽|姚奕,7,1064,gold,skip: school already has 3,
196,,33,nanjing,33,电子科技大学,UESTC_等下掉线一会,赵锐枫|王东威|蔡锦哲,7,1183,gold,skip: school already has 3,
197,92,33,chengdu,33,南京航空航天大学,空悲切,胡昊天|赵乐坤|匡显然,8,976,silver,admitted,yes
198,,33,shanghai,33,武汉大学,很弱的低手,张心悦|蔡骐羽|罗汇翔,6,1030,silver,skip: school already has 3,
199,93,34,wuhan,34,东北大学秦皇岛分校,三日凌空,肖轲闻|冯阳阳|刘峻畅,6,617,gold,admitted,yes
200,,34,shenyang,34,华中科技大学,落叶知秋,俞仲遥|臧业乾|麦骏,5,509,gold,skip: team already admitted at wuhan #21,
201,,34,xian,34,北京航空航天大学,天铸币,龚锦勋|徐宏烯|李博琛,7,1105,gold,skip: school already has 3,
202,94,34,nanjing,34,北京邮电大学,天绫绫地宁宁,秦维斌|谢楠|徐慕政,7,1282,silver,admitted,yes
203,95,34,chengdu,34,西北工业大学,D.D.D.,武守恒|吴语|严诚治,8,1038,silver,admitted,yes
204,,34,shanghai,34,浙江大学,石莓,曾皓威|周圣杰|谭睿,6,1062,silver,skip: school already has 3,
205,,35,wuhan,35,福州大学,惡·即·斬,陈宇|陈建涛|程棋晖,6,670,gold,skip: team already admitted at nanjing #8,
206,96,35,shenyang,35,国防科技大学,再让我A一道,左智文|刘景毅|张航耀,5,521,gold,admitted,yes
207,,35,xian,35,上海纽约大学,小男娘,陈智谦|刘濮铭|郭凯越,7,1106,gold,skip: team already admitted at shanghai #12,
208,97,35,nanjing,35,南开大学,数智省身_唯独可以做到的就是线段树,金继烨|赵思远|郭鑫源,7,1305,silver,admitted,yes
209,,35,chengdu,35,复旦大学,三棱镜,潘梓睿|戴承皓|杨辰浩,8,1040,silver,skip: team already admitted at nanjing #12,
210,,35,shanghai,35,复旦大学,奶龙的小七,邹丰羽|沈高畅|姚奕,6,1100,silver,skip: school already has 3,
211,,36,wuhan,36,山东大学,电话微波炉（暂定）,詹靖杰|宿子腾|董家豪,6,696,gold,skip: team already admitted at shanghai #27,
212,98,36,shenyang,36,河南大学,不协和音程,曹家宁|孙小文|罗施达,5,525,gold,admitted,yes
213,99,36,xian,36,西湖大学,拼尽全力无法战胜AI,楼鑫浩|周扬帆|钱欣宇,7,1249,gold,admitted,yes
214,100,36,nanjing,36,厦门大学,闪光春日影,邹品聪|栾英石|李林泽,7,1313,silver,admitted,yes
215,,36,chengdu,36,东北大学秦皇岛分校,三日凌空,肖轲闻|刘峻畅|冯阳阳,8,1119,silver,skip: team already admitted at wuhan #34,
216,,36,shanghai,36,西安交通大学,麒麟王,姜宇骋|王君睿|林子涵,6,1174,silver,skip: school already has 3,
217,101,37,wuhan,37,大连理工大学,关注带工喵，关注带工谢谢喵 (≧^.^≦),徐昊天|毛谦韵|李泽与,6,752,gold,admitted,yes
218,102,37,shenyang,37,东莞理工学院,心态就是力量,黄海|林恬烁|林志龙,5,539,gold,admitted,yes
219,,37,xian,37,北京邮电大学,我太想进步了,徐嘉晨|黄志阳|蔡佩霖,7,1269,gold,skip: school already has 3,
220,,37,nanjing,37,武汉大学,很弱的低手,张心悦|蔡骐羽|罗汇翔,6,553,silver,skip: school already has 3,
221,,37,chengdu,37,中国人民大学,1+1,晏艺桓|房子珈|孙奕豪,8,1124,silver,skip: school already has 3,
222,,37,shanghai,37,浙江大学,透明哀歌,周俊康|潘永健|叶纳诚,6,1178,silver,skip: school already has 3,
223,103,38,wuhan,38,温州大学,温大一队,陈宇锋|何卓睿|莫皓翔,6,763,gold,admitted,yes
224,104,38,shenyang,38,国防科技大学,未忘花名,宋怀源|刘宇林|习逸晗,5,549,gold,admitted,yes
225,105,38,xian,38,西湖大学,此时压力来到了我们队,杨宇恒|刘振豪|李品樟,6,541,gold,admitted,yes
226,106,38,nanjing,38,杭州电子科技大学信息工程学院,无尽的风之轨迹,杨鑫|尹凯乐|周越,6,630,silver,admitted,yes
227,107,38,chengdu,38,厦门大学,随机增量,杨晟明|戴思杰|季裕杰,8,1135,silver,admitted,yes
228,,38,shanghai,38,北京理工大学,Penalty这么高它的意思一定是分数吧,柯宁皓|张思哲|黄康,6,1221,silver,skip: team already admitted at xian #11,
229,,39,wuhan,39,华东师范大学,Let Cloud Root,谢书骁|冯中信|陈涵,6,777,gold,skip: team already admitted at shenyang #22,
230,,39,shenyang,39,中国科学技术大学,冯诺曼波,陈鑫|梁家瑞|黄嘉玮,5,550,gold,skip: school already has 3,
231,,39,xian,39,浙江大学,透明哀歌,潘永健|周俊康|叶纳诚,6,622,gold,skip: school already has 3,
232,108,39,nanjing,39,重庆邮电大学,蓝桥杯嘤之队,舒显航|黄宇哲|向炳权,6,666,silver,admitted,yes
233,,39,chengdu,39,南方科技大学,南方科技大学-奥斯陆,姜奕豪|叶翰邦|张祺宇,8,1175,silver,skip: team already admitted at shanghai #31,
234,,39,shanghai,39,中国科学技术大学,故事的下一页,汪晨曦|殷跃然|常铭,6,1238,silver,skip: school already has 3,
235,109,40,wuhan,40,南京信息工程大学,能不能别干什么都带着你那破棉花小人了,刘一鸣|龚敏|崔嘉豪,6,778,gold,admitted,yes
236,110,40,shenyang,40,香港科技大学（广州）,我坐戏子楼台前,郭沣|赖宣宇|宋锦儒,5,561,gold,admitted,yes
237,111,40,xian,40,吉林大学,久世浮倾,孔泉智|赵星宇|邱天,6,630,gold,admitted,yes
238,,40,nanjing,40,南京大学,最后一舞,胡伟江|李豪|张道涵,6,769,silver,skip: school already has 3,
239,112,40,chengdu,40,东北大学秦皇岛分校,最澄澈的空与海,张昱东|王若翔|张裕博,8,1229,silver,admitted,yes
240,,40,shanghai,40,复旦大学,AAA专业歪榜修正奶龙,李佳骏|施陈豪|吴童,6,1334,silver,skip: school already has 3,
241,113,41,wuhan,40,湖南大学,112358,朱名扬|吕乐|张世东,6,778,gold,admitted,yes
242,,41,shenyang,41,电子科技大学,UESTC_MatchaParfait,李鸣宇|滕鎧泽|孙博林,5,565,silver,skip: school already has 3,
243,114,41,xian,41,南方科技大学,南方科技大学-连科兰,曾沛宸|张业琛|光熠阳,6,638,silver,admitted,yes
244,,41,nanjing,41,哈尔滨工业大学（威海）,为帅气毕业老学长征婚QQ搜“莱芜贝克汉姆”,龙禺辰|吴昊亮|李义朋,6,773,silver,skip: team already admitted at chengdu #32,
245,,41,chengdu,41,南京大学,点银成金,陈哲敏|李方泽|熊俊淇,8,1250,silver,skip: school already has 3,
246,115,41,shanghai,41,深圳大学,瓦尔普吉斯,王荟斐|邹瀚泓|梁展宇,5,502,silver,admitted,yes
247,116,42,wuhan,42,武汉理工大学,树下猫猫虫,朱振傲|段宇坤|朱选文,6,802,gold,admitted,yes
248,117,42,shenyang,42,南开大学,数智省身_山西大学附属中学校,车昱辉|杨澍|王治中,5,583,silver,admitted,yes
249,,42,xian,42,东南大学,西西弗斯,何辰玮|刘一鸣|王俊迪,6,647,silver,skip: team already admitted at wuhan #40,
250,118,42,nanjing,42,哈尔滨工业大学,你有一块真正的金牌吗,陈泺嘉|郭昕旸|邱思宇,6,844,silver,admitted,yes
251,,42,chengdu,42,南方科技大学,南方科技大学-巴库,王泰翔|殷铭轩|李佳霖,8,1267,silver,skip: school already has 3,
252,,42,shanghai,42,山东大学,应用随机过程,苏岳|王源鑫|李玉庭,5,512,silver,skip: school already has 3,
253,119,43,wuhan,43,武汉理工大学,不再曼波,周泽鹏|孙晨奥|邢家童,6,803,gold,admitted,yes
254,,43,shenyang,43,西北工业大学,阿比斯深渊,吕昊临|欧阳家杰|黄知远,5,585,silver,skip: school already has 3,
255,120,43,xian,43,杭州电子科技大学,杭电四队,帅嘉洋|刘翔|王麒润,6,650,silver,admitted,yes
256,,43,nanjing,43,西安交通大学,过往的画面全都是我不队,邱宇成|石皓文|王博想,6,949,silver,skip: school already has 3,
257,,43,chengdu,43,西湖大学,拼尽全力无法战胜AI,楼鑫浩|钱欣宇|周扬帆,8,1437,silver,skip: team already admitted at xian #36,
258,,43,shanghai,43,北京航空航天大学,偏差认矢,邹广健|杭洋|李墨之,5,518,silver,skip: team already admitted at chengdu #21,
259,121,44,wuhan,44,东南大学,三英荟寝室,靳赫涛|杜鑫研|毛周祥,6,817,gold,admitted,yes
260,,44,shenyang,44,中山大学,中山大学-永不倒闭,何亮|陈浩贤|廖海涛,5,592,silver,skip: school already has 3,
261,,44,xian,44,南方科技大学,南方科技大学-卡拉巴赫,李钰曦|侯宇轩|娄午尘,6,676,silver,skip: school already has 3,
262,,44,nanjing,44,西湖大学,world.execute(me);,汪阳|俞开|严密,6,967,silver,skip: team already admitted at wuhan #19,
263,122,44,chengdu,44,东北大学秦皇岛分校,Fire Bird,邓逸飞|尹瀚磊|段俊宏,7,656,silver,admitted,yes
264,123,44,shanghai,44,中国传媒大学,再演,陈旻庚|朱霁|叶阳,5,579,silver,admitted,yes
265,,45,wuhan,45,济南大学,花开之夜,肖远志|丁浩宇|程明达,6,831,gold,skip: team already admitted at xian #29,
266,124,45,shenyang,45,西北大学,忆月葬雪,安俊杰|蒋宏烨|顾舜天,5,601,silver,admitted,yes
267,125,45,xian,45,上海科技大学,羽生萌萌香鱼子酱,李承熙|黄扬铭|陶孜铖,6,690,silver,admitted,yes
268,,45,nanjing,45,华中科技大学,和平讨论不带节奏,聂卓然|杨家祯|冯育硕,6,1071,silver,skip: school already has 3,
269,126,45,chengdu,45,华东师范大学,"mex {fe, cu, ag}",刘俊毅|严之皓|王江扬,7,727,silver,admitted,yes
270,127,45,shanghai,45,南京理工大学,你怎么知道我在四级考试得了433分,陈静波|彭锐政|刘懿臻,5,595,silver,admitted,yes
271,128,46,wuhan,46,哈尔滨工业大学,北风与秋水,王羽婷|朱峰|谢书泱,6,835,silver,admitted,no
272,,46,shenyang,46,复旦大学,所以我们队名叫啥 [思考],曾添琪|郑杞珩|李天呈,5,611,silver,skip: school already has 3,
273,,46,xian,46,中国人民大学,字节无虞,钱泽瑄|陈礼邦|刘嘉俊,6,722,silver,skip: team already admitted at wuhan #18,
274,129,46,nanjing,46,香港科技大学,HKUST1,Taimas Korganbayev|Raiymbek Baishuak|Mukhammadarif Sakhmoldin,6,1074,silver,admitted,yes
275,,46,chengdu,46,北京航空航天大学,天铸币,龚锦勋|李博琛|徐宏烯,7,728,silver,skip: school already has 3,
276,,46,shanghai,46,南方科技大学,南方科技大学-巴库,王泰翔|李佳霖|殷铭轩,5,598,silver,skip: school already has 3,
277,,47,wuhan,47,北京航空航天大学,我咬死你,孙健钧|黄伟宁|李澎瑞,6,871,silver,skip: school already has 3,
278,,47,shenyang,47,电子科技大学,UESTC_BYR,张诗杨|幸子豪|郑祯宇,5,621,silver,skip: school already has 3,
279,,47,xian,47,厦门大学,随机增量,杨晟明|戴思杰|季裕杰,6,739,silver,skip: team already admitted at chengdu #38,
280,130,47,nanjing,47,杭州电子科技大学,杭电2队,乐星宇|王秉杭|张雨泽,6,1120,silver,admitted,no
281,131,47,chengdu,47,中国民航大学,四渡赤水2.0,王璟鸿|崔凌宵|颜一鸣,7,784,silver,admitted,yes
282,,47,shanghai,47,华中科技大学,异或非与,孙致平|姜泰哲|晏梓豪,5,630,silver,skip: school already has 3,
283,,48,wuhan,48,电子科技大学,UESTC_等下掉线一会,赵锐枫|王东威|蔡锦哲,6,875,silver,skip: school already has 3,
284,132,48,shenyang,48,北京理工大学,树状数组,张振宇|高天翔|谭笑,5,626,silver,admitted,yes
285,,48,xian,48,北京航空航天大学,我队友得了MVP！,廖俊麟|徐浩然|肖迪睿,6,762,silver,skip: school already has 3,
286,133,48,nanjing,48,大连理工大学,这么六！,钟剑辉|毛祥宇|刘泽轩,6,1124,silver,admitted,yes
287,,48,chengdu,48,南京大学,Never break;,李冠辰|范成|李响,7,806,silver,skip: school already has 3,
288,,48,shanghai,48,中国科学技术大学,摸鱼之魂终将归来,温家睿|陈凌峰|林度,5,637,silver,skip: team already admitted at shenyang #9,
289,,49,wuhan,49,西安交通大学,麒麟王,姜宇骋|王君睿|林子涵,6,888,silver,skip: school already has 3,
290,,49,shenyang,49,西湖大学,此时压力来到了我们队,刘振豪|杨宇恒|李品樟,5,632,silver,skip: team already admitted at xian #38,
291,,49,xian,49,北京航空航天大学,你是永远的猫猫虫,华晓飞|孙一弘|沈培森,6,765,silver,skip: school already has 3,
292,134,49,nanjing,49,北京化工大学,北极熊,彭天祺|陈昊然|熊家怡,5,398,silver,admitted,yes
293,135,49,chengdu,49,长沙理工大学,揭开记忆的帷幕，激起往昔的涟漪,陈师贤|赵翰熙|沈彬宇,7,814,silver,admitted,yes
294,136,49,shanghai,49,浙江理工大学,ac超过5题，后无法通过AC,张浩|干佳立|项帅,5,644,silver,admitted,yes
295,,50,wuhan,50,浙江大学,乘着西风出发咯,严子轩|张湫阳|侯之远,6,895,silver,skip: team already admitted at shenyang #2,
296,,50,shenyang,50,北京邮电大学,此队伍名由AI生成,蔡芝林|张鲁豫|赵思涵,5,653,silver,skip: team already admitted at xian #24,
297,,50,xian,50,南京大学,随家仓,樊书岩|邓淇|李承泽,6,789,silver,skip: school already has 3,
298,137,50,nanjing,50,广东工业大学,螺旋上升,吴伟涛|梁展榕|陈栖羽,5,540,silver,admitted,yes
299,,50,chengdu,50,厦门大学,闪光春日影,邹品聪|栾英石|李林泽,7,815,silver,skip: team already admitted at nanjing #36,
300,,50,shanghai,50,吉林大学,久世浮倾,孔泉智|邱天|赵星宇,5,652,silver,skip: team already admitted at xian #40,
301,,51,wuhan,51,西北工业大学,D.D.D.,吴语|严诚治|武守恒,6,900,silver,skip: team already admitted at chengdu #34,
302,138,51,shenyang,50,华东理工大学,华理算法皇帝霸气侧漏毁天灭地,丁文翰|曾子航|景梓云,5,653,silver,admitted,yes
303,,51,xian,51,北京大学,仨人成行,宋来恒|刘鹏飞|王冠尧,6,792,silver,skip: school already has 3,
304,,51,nanjing,51,山东大学,分形黄昏,郑睿杰|林星宇|卢俊宇,5,569,silver,skip: school already has 3,
305,,51,chengdu,51,西安交通大学,今日澄,刘欣楠|杨润轩|杨一帆,7,827,silver,skip: school already has 3,
306,,51,shanghai,51,华中科技大学,终帆,朱雨程|吴高宇|阮弘毅,5,658,silver,skip: school already has 3,
307,,52,wuhan,52,华中科技大学,过去软糯的我已经死了,严原一|盖政华|赖明恺,6,908,silver,skip: school already has 3,
308,,52,shenyang,52,中山大学,中山大学-破晓之旅,刘志源|赵肖睿|古鸣浩,5,683,silver,skip: school already has 3,
309,,52,xian,52,西安电子科技大学,什么都不会也能参加ACM吗,吴晨|汤修齐|潘振,6,797,silver,skip: team already admitted at shenyang #27,
310,139,52,nanjing,52,河海大学,罚时之羽如深渊相伴 血色acm人生！,林桁|周厚望|吕广信,5,596,silver,admitted,yes
311,140,52,chengdu,52,南京邮电大学,何意味,赵聿祺|王普立|崔晨曦,7,872,silver,admitted,yes
312,141,52,shanghai,52,香港科技大学（广州）,#define long long long,张晋杰|叶秉宪|郑凯文,5,666,silver,admitted,yes
313,,53,wuhan,53,西安交通大学,过往的画面全都是我不队,石皓文|王博想|邱宇成,6,912,silver,skip: school already has 3,
314,142,53,shenyang,53,武汉科技大学,赤色风铃,王宇杰|明正阳|左新宇,5,688,silver,admitted,yes
315,143,53,xian,53,广州大学,西哈诺,陈全隆|潘胜云|郑灵杰,6,798,silver,admitted,yes
316,144,53,nanjing,53,重庆工程学院,布鲁粉丝团,张翔|胡鑫昊|向黎华,5,614,silver,admitted,yes
317,,53,chengdu,52,浙江大学,吃你家大米,张驰|李俊睿|盛宝宝,7,872,silver,skip: school already has 3,
318,,53,shanghai,53,北京邮电大学,Synthesis,吴显熠|詹笙平|李天阳,5,683,silver,skip: school already has 3,
319,,54,wuhan,54,电子科技大学,UESTC_雪色光晕,吕书武|陈治臻|李毅远,6,914,silver,skip: school already has 3,
320,,54,shenyang,54,杭州电子科技大学,杭电5队,杨钧昊|徐中天|蔡睿诚,5,711,silver,skip: school already has 3,
321,,54,xian,54,哈尔滨工业大学,你有一块真正的金牌吗,郭昕旸|邱思宇|陈泺嘉,6,829,silver,skip: team already admitted at nanjing #42,
322,,54,nanjing,54,北京航空航天大学,来财,王泓翔|谭喆文|杨佳宇轩,5,616,silver,skip: school already has 3,
323,,54,chengdu,54,中山大学,中山大学-打铁旅游,肖淇|吴明禹|苏律硕,7,949,silver,skip: school already has 3,
324,,54,shanghai,54,长沙理工大学,揭开记忆的帷幕，激起往昔的涟漪,赵翰熙|陈师贤|沈彬宇,5,716,silver,skip: team already admitted at chengdu #49,
325,,55,wuhan,55,北京交通大学,绮罗星距离,陈可致|杨展宇|李沛桐,6,950,silver,skip: team already admitted at shenyang #25,
326,,55,shenyang,55,武汉大学,我可以在这里一雪前耻吗,丁启航|李书纬|黄祯,5,731,silver,skip: school already has 3,
327,,55,xian,55,南京邮电大学,不想打西安站,胡乐安|崔晨曦|赵聿祺,6,837,silver,skip: team already admitted at chengdu #52,
328,145,55,nanjing,55,哈尔滨工业大学（深圳）,会赢吗？,秦绍竣|王一鸣|任德阳,5,623,silver,admitted,yes
329,146,55,chengdu,55,四川大学,你们在干什么喵？在罚时喵！补药罚我时喵！,赵勇哲|邓雍|晏然,7,964,silver,admitted,yes
330,,55,shanghai,55,杭州电子科技大学,杭电6队,伍耀文|王泽|姜浥尘,5,725,silver,skip: school already has 3,
331,147,56,wuhan,56,中国计量大学,兄弟，我还想拿牌,曹炳涛|吴仁钘|何劭弘,6,959,silver,admitted,yes
332,,56,shenyang,56,大连理工大学,关注带工喵，关注带工谢谢喵(≧^.^≦),徐昊天|毛谦韵|李泽与,5,733,silver,skip: team already admitted at wuhan #37,
333,148,56,xian,56,北京交通大学,请输入文本,张宸宇|江子俊|王俊宜,6,842,silver,admitted,yes
334,,56,nanjing,56,华南理工大学,失落之城,王雅恒|叶文煜|黄烁韩,5,655,silver,skip: team already admitted at xian #30,
335,,56,chengdu,56,北京理工大学,木叶三忍,陈家辉|王煜皓|邵子鸣,7,1013,silver,skip: school already has 3,
336,149,56,shanghai,56,福州大学,我喜欢你,邱镇海|叶志杰|王志浩,5,731,silver,admitted,yes
337,,57,wuhan,57,浙江大学,北极星,王羽立|余承恩|尤佳骏,6,991,silver,skip: school already has 3,
338,,57,shenyang,57,东南大学,三英荟寝室,靳赫涛|杜鑫研|毛周祥,5,815,silver,skip: team already admitted at wuhan #44,
339,,57,xian,57,武汉大学,摇曳到软冬去露营,崔祯航|范锦炜|林喆霖,6,862,silver,skip: school already has 3,
340,150,57,nanjing,57,东北大学,东北大学_魔法霰弹,李卓恒|袁家铭|秦子溪,5,676,silver,admitted,yes
341,151,57,chengdu,57,中南大学,你抚琵琶奏琴弦,文启智|刘鸣晓|叶楷,7,1049,silver,admitted,yes
342,,57,shanghai,57,东北大学秦皇岛分校,最澄澈的空与海,张昱东|王若翔|张裕博,5,744,silver,skip: team already admitted at chengdu #40,
343,152,58,wuhan,58,浙江师范大学,姜还是老的辣知道不,童培峻|刘思源|许凯胤,6,1019,silver,admitted,yes
344,153,58,shenyang,58,河海大学,从零开始的ACM生活,金炬光|曾国琳|罗誉,5,820,silver,admitted,yes
345,154,58,xian,58,重庆邮电大学,蓝桥杯汪之队,赵俊超|汪涛|吴志煜,6,917,silver,admitted,yes
346,155,58,nanjing,58,西安电子科技大学,咖啡馆的贴贴物语,邹文定|洪健力|王翼天,5,677,silver,admitted,yes
347,,58,chengdu,58,山东大学,应用随机过程,李玉庭|王源鑫|苏岳,7,1059,silver,skip: school already has 3,
348,,58,shanghai,58,湖南大学,235711,朱名扬|张世东|吕乐,5,754,silver,skip: team already admitted at wuhan #40,
349,,59,wuhan,59,河海大学,罚时之羽如深渊相伴 血色acm人生！,林桁|周厚望|吕广信,6,1033,silver,skip: team already admitted at nanjing #52,
350,156,59,shenyang,59,苏州大学,憧憬成为算竞糕手,张天伦|余睿|朱昊文,5,845,silver,admitted,yes
351,,59,xian,59,北京理工大学,过了样例也不队,王舒晗|邬宇炼|何大鹏,6,960,silver,skip: school already has 3,
352,157,59,nanjing,59,上海大学,树上猫猫头,房辰燏|松浩然|潘铧超,5,714,silver,admitted,yes
353,158,59,chengdu,59,厦门理工学院,优秀素质,洪世炜|周子峰|张子漠,7,1060,silver,admitted,yes
354,159,59,shanghai,59,江苏大学,我讨厌你,张道正|薛志康|庞政,5,784,silver,admitted,yes
355,,60,wuhan,60,南开大学,数智省身_比起xcpc我更喜欢拿铁,郭军凯|刘沛鑫|廖望,6,1042,silver,skip: team already admitted at xian #25,
356,,60,shenyang,60,电子科技大学,UESTC_______,林子豪|吕东阳|赵聪,5,905,silver,skip: school already has 3,
357,160,60,xian,60,西安电子科技大学,喵亦或鱼,冯子诚|文童宇|谢睿杰,6,997,silver,admitted,yes
358,,60,nanjing,60,武汉大学,ACM也有小巧思吗,李泽基|袁仁远|黄子君,5,715,silver,skip: school already has 3,
359,,60,chengdu,60,浙江师范大学,姜还是老的辣知道不,刘思源|童培峻|许凯胤,7,1114,silver,skip: team already admitted at wuhan #58,
360,,60,shanghai,60,中山大学,中山大学-寂静呼唤,杨志宸|郭翊涛|陈政宇,5,798,silver,skip: school already has 3,
361,,61,wuhan,61,中国传媒大学,再演,陈旻庚|朱霁|叶阳,6,1061,silver,skip: team already admitted at shanghai #44,
362,161,61,shenyang,61,北京工业大学,铁牌也是牌,冯际鸣|李俊良|孔翔宇,5,973,silver,admitted,yes
363,,61,xian,61,北京工业大学,铁牌也是牌,李俊良|江云天|冯际鸣,6,1083,silver,skip: team already admitted at shenyang #61,
364,162,61,nanjing,61,同济大学,云开自天明,姜乃珲|杜宇轩|李烨,5,720,silver,admitted,yes
365,163,61,chengdu,61,南京航空航天大学,XML,任衍硕|邵嘉奇|张鑫雨,7,1149,silver,admitted,yes
366,164,61,shanghai,61,北京建筑大学,超级无敌炫酷原神苯环大坝,朱智睿|谷子恒|卢昊兴,5,799,silver,admitted,yes
367,,62,wuhan,62,福州大学,我喜欢你,叶志杰|王志浩|邱镇海,6,1062,silver,skip: team already admitted at shanghai #56,
368,165,62,shenyang,62,湘潭大学,冬月既朔,谢东骏|谢先皓|李名杰,4,202,silver,admitted,yes
369,,62,xian,62,电子科技大学,UESTC_EndlessEmbrace,王彬丞|王鹏|余天羽,6,1110,silver,skip: school already has 3,
370,,62,nanjing,62,北京理工大学,木叶三忍,邵子鸣|王煜皓|陈家辉,5,756,silver,skip: school already has 3,
371,,62,chengdu,62,西安交通大学,锦筝叹,胡辰同|钟宇|李牧远,7,1154,silver,skip: school already has 3,
372,,62,shanghai,62,武汉大学,ACM也有小巧思吗,李泽基|黄子君|袁仁远,5,810,silver,skip: school already has 3,
373,,63,wuhan,63,南京理工大学,你怎么知道我在四级考试得了433分,刘懿臻|彭锐政|陈静波,6,1075,silver,skip: team already admitted at shanghai #45,
374,166,63,shenyang,63,福州大学,世末歌者,郎易恒|方林升|王盛明,4,215,silver,admitted,yes
375,167,63,xian,63,北京信息科技大学,狗全坏大战张抽，你们知道吗,方梓谦|房承烨|朱默涵,5,346,silver,admitted,yes
376,168,63,nanjing,63,安徽大学,众梦之聚,周宇轩|许钧剑|姚锐,5,761,silver,admitted,yes
377,,63,chengdu,63,西安电子科技大学,咖啡馆的贴贴物语,邹文定|洪健力|王翼天,7,1173,silver,skip: team already admitted at nanjing #58,
378,,63,shanghai,63,北京理工大学,过了样例也不队,何大鹏|王舒晗|邬宇炼,5,821,silver,skip: school already has 3,
379,,64,wuhan,64,中国科学技术大学,故事的下一页,汪晨曦|殷跃然|常铭,6,1173,silver,skip: school already has 3,
380,169,64,shenyang,64,同济大学,菜的 Fe 弃子队,付伟吉|宋冠程|杨欣然,4,222,silver,admitted,yes
381,,64,xian,64,中山大学,队,吴振熙|万耀文|谭栋泽,5,367,silver,skip: school already has 3,
382,170,64,nanjing,64,湖南城市学院,灰姑娘的故事,王钦荣|张文杰|覃琪,5,765,silver,admitted,yes
383,,64,chengdu,64,福州大学,我说等我启动完就乱杀了你们耳朵龙吗,游逸晨|林陈邦|王镜翔,7,1294,silver,skip: school already has 3,
384,,64,shanghai,64,西北工业大学,#N/A,牛马思元|张贝西彦|张天翔,5,831,silver,skip: team already admitted at nanjing #29,
385,171,65,wuhan,65,广东工业大学,加睡,梁若飞|梁伟|倪润东,6,1268,silver,admitted,yes
386,,65,shenyang,65,四川大学,算法捕猎队,付乙淼|陈启越|黄雨阳,4,229,silver,skip: school already has 3,
387,172,65,xian,65,杭州师范大学,彻月渡清波,黄焰|吴睿萱|王昊琛,5,402,silver,admitted,yes
388,173,65,nanjing,65,中国地质大学（北京）,棒打小鲜橙,许兴城|牛鸿宇|叶宇翔,5,769,silver,admitted,yes
389,,65,chengdu,65,西安电子科技大学,无色透明,杨润彬|卢宇欣|李聿垲,7,1457,silver,skip: school already has 3,
390,,65,shanghai,65,西安交通大学,今日澄,刘欣楠|杨一帆|杨润轩,5,850,silver,skip: school already has 3,
391,174,66,wuhan,66,哈尔滨工业大学（威海）,昨日圆车,李欣鹏|焦浩清|廖航,6,1367,silver,admitted,yes
392,,66,shenyang,66,武汉大学,西柚柠檬气泡水,徐嘉浩|陶赞宇|金润禾,4,244,silver,skip: team already admitted at shanghai #23,
393,,66,xian,66,华南理工大学,打xcpc不喊我,吕浩天|徐睿|梁立州,5,416,silver,skip: team already admitted at shenyang #31,
394,175,66,nanjing,66,中南大学,天堂鸟,张博源|孙汉涛|沈宇科,5,801,silver,admitted,yes
395,,66,chengdu,66,南开大学,数智省身_难开题开题难,陈彦兴|张宇墨|何闻硕,6,472,silver,skip: school already has 3,
396,176,66,shanghai,66,香港科技大学,红鸟先飞,卢凯宾|郑君赫|杨子鉴,5,853,silver,admitted,yes
397,177,67,wuhan,67,集美大学,童话乡,洪韩毅|陈华弘|廖杰如,5,473,silver,admitted,yes
398,178,67,shenyang,67,东北师范大学,运行错误,齐昊坤|曹勇麟|周文琦,4,256,silver,admitted,yes
399,,67,xian,67,电子科技大学,UESTC_封榜后北伐,黄雪锋|晋睿博|丁柏宇,5,419,silver,skip: school already has 3,
400,,67,nanjing,67,浙江大学,歪比巴卜,王子尧|朱容阳|朱航逸,5,823,silver,skip: school already has 3,
401,,67,chengdu,67,北京邮电大学,天绫绫地宁宁,秦维斌|谢楠|徐慕政,6,486,silver,skip: team already admitted at nanjing #34,
402,179,67,shanghai,67,东北大学,东北大学_虚无小姐,孙祥坤|卢逸衡|张天一,5,859,silver,admitted,yes
403,,68,wuhan,68,哈尔滨工业大学（深圳）,会赢吗？,秦绍竣|任德阳|王一鸣,5,545,silver,skip: team already admitted at nanjing #55,
404,,68,shenyang,68,北京理工大学,动态树,齐轩宇|邱昌威|张家诚,4,257,silver,skip: school already has 3,
405,180,68,xian,67,南京航空航天大学,哈睦,吕海亮|黄子源|胡弘泰,5,419,silver,admitted,yes
406,,68,nanjing,68,上海交通大学,空月之歌,朱一铭|周学信|任子杭,5,831,silver,skip: school already has 3,
407,181,68,chengdu,68,上海理工大学,距离2026年全国硕士研究生招生考试还有55天,张皓宇|董柯演|章振杰,6,523,silver,admitted,yes
408,182,68,shanghai,68,华南理工大学,Chickémon GO!,王奕凯|陈祖榆|张麟,5,862,silver,admitted,yes
409,,69,wuhan,69,南开大学,数智省身_难开题开题难,陈彦兴|何闻硕|张宇墨,5,552,silver,skip: school already has 3,
410,183,69,shenyang,69,河北工程大学,喵喵喵,郭圳涛|王宇乐|牟昱霖,4,258,silver,admitted,yes
411,184,69,xian,69,长春理工大学,两人爬塔一人匡扶汉室,黄炳睿|周易非|唐海原,5,426,silver,admitted,yes
412,,69,nanjing,69,四川大学,算法捕猎队,黄雨阳|付乙淼|陈启越,5,842,silver,skip: school already has 3,
413,,69,chengdu,69,中国科学技术大学,25时，美食广场见。,赵星宇|陈聆祎|谈天,6,564,silver,skip: team already admitted at xian #40,
414,,69,shanghai,69,中国科学技术大学,失去梦想变成猫猫猫,何煜恒|朱雨田|涂建鹏,5,898,silver,skip: school already has 3,
415,185,70,wuhan,70,武汉科技大学,RELX悦刻幻影Mini,孙煜恒|肖依如|彭睿,5,559,silver,admitted,yes
416,186,70,shenyang,70,吉林大学,终焉夜雨,席乐媛|欧阳承风|唐德睿,4,265,silver,admitted,yes
417,,70,xian,70,华中科技大学,棍十六,王子石|郭梓洋|刘嘉恒,5,494,silver,skip: school already has 3,
418,187,70,nanjing,70,江南大学,禁忌「莱瓦汀」,董万里|赵泓博|刘珺哲,5,852,silver,admitted,yes
419,,70,chengdu,70,哈尔滨工业大学,北风与秋水,朱峰|王羽婷|谢书泱,6,612,silver,skip: team already admitted at wuhan #46,
420,,70,shanghai,70,武汉理工大学,树下猫猫虫,朱振傲|段宇坤|朱选文,5,905,silver,skip: team already admitted at wuhan #42,
421,,71,wuhan,71,中山大学,中山大学-爱谁打谁打,陈鸿睿|卓郅杰|黄淇轩,5,586,silver,skip: school already has 3,
422,188,71,shenyang,71,深圳大学,哥们这桌就你自己打ICPC啊，你看你WA都飞我提交页面上了,肖俊祺|温家燊|廖昱堃,4,266,silver,admitted,yes
423,,71,xian,71,北京邮电大学,邮男之旅,蔡禹煊|冯仁宇|王昰妍,5,509,silver,skip: school already has 3,
424,,71,nanjing,71,山东大学,海鸥灭火器,苏苏|王艺臻|刘子龙,5,861,silver,skip: team already admitted at shenyang #18,
425,,71,chengdu,71,哈尔滨工业大学（深圳）,潜水小怪,孙宇开|羊柯伍|梁彬,6,613,silver,skip: team already admitted at xian #21,
426,,71,shanghai,71,南京航空航天大学,hum,黄子源|吕海亮|胡弘泰,5,916,silver,skip: team already admitted at xian #67,
427,189,72,wuhan,72,香港中文大学（深圳）,正在验证该队是否是真人。,孙超逸|张力文|周天,5,594,silver,admitted,yes
428,,72,shenyang,72,吉林大学,所谓算无遗策,栗铭远|李佳析|于翔,4,270,silver,skip: school already has 3,
429,190,72,xian,72,西华大学,三只蒟蒻牛,黄卓盈|肖代阳|吴岚轩,5,516,silver,admitted,yes
430,,72,nanjing,72,北京邮电大学,Synthesis,吴显熠|詹笙平|李天阳,5,894,silver,skip: school already has 3,
431,,72,chengdu,72,北京理工大学,哈基米哦南北绿豆啊西嘎哈呀库,梁思源|彭田栩|郑润哲,6,635,silver,skip: school already has 3,
432,,72,shanghai,72,武汉科技大学,RELX悦刻幻影PRO,孙煜恒|肖依如|彭睿,5,919,silver,skip: team already admitted at wuhan #70,
433,,73,wuhan,73,浙江工业大学,ZJUT2,周泳良|周睿|闵士轩,5,639,silver,skip: team already admitted at xian #31,
434,191,73,shenyang,73,华南师范大学,A了这题就吃麦旋风,袁浩轩|黄家谦|侯俊宇,4,289,silver,admitted,yes
435,192,73,xian,73,长江大学,长夜未央,陈迪路|唐祎敏|郑建斌,5,522,silver,admitted,yes
436,,73,nanjing,73,武汉大学,快乐帮,林喆霖|崔祯航|范锦炜,5,910,silver,skip: school already has 3,
437,,73,chengdu,73,西北大学,忆月葬雪,安俊杰|顾舜天|蒋宏烨,6,640,silver,skip: team already admitted at shenyang #45,
438,193,73,shanghai,73,宁波财经学院,你不能拿我们和那些强队比,赵宇杰|张泽洋|王泽宇,5,925,silver,admitted,yes
439,194,74,wuhan,74,江西师范大学,Wrong_answer_on_test_1,杨扬骁|刘俊豪|叶潮辉,5,651,silver,admitted,yes
440,,74,shenyang,74,中南大学,天堂鸟,孙汉涛|沈宇科|张博源,4,296,silver,skip: team already admitted at nanjing #66,
441,195,74,xian,74,河南理工大学,春蝉秋鸣泣之时,李梦洋|马俊超|熊佳乐,5,524,silver,admitted,yes
442,,74,nanjing,74,哈尔滨工业大学（深圳）,哈气五小时,曹鹏宇|曹锦程|高俊垚,5,947,silver,skip: team already admitted at chengdu #31,
443,196,74,chengdu,74,中国科学院大学,健康的人类要冲出太阳系,王煜阳|郑兴|潘世钊,6,665,silver,admitted,yes
444,,74,shanghai,74,广东工业大学,加睡,梁若飞|倪润东|梁伟,5,927,silver,skip: team already admitted at wuhan #65,
445,,75,wuhan,75,北京航空航天大学,你染上四暗刻了,邓宇翔|彭瑞璋|张振羽,5,656,silver,skip: school already has 3,
446,,75,shenyang,75,北京交通大学,请输入文本,江子俊|张宸宇|王禹凡,4,297,silver,skip: team already admitted at xian #56,
447,197,75,xian,75,华东师范大学,至此，一锤定音,冯嘉一|冯顾炜|许乐,5,532,silver,admitted,yes
448,,75,nanjing,75,山东大学,圆一定要是圆形的,叶世昕|高士轩|孙更欣,5,1016,silver,skip: school already has 3,
449,,75,chengdu,75,华南理工大学,再次鼓起丧失的勇气,马成均|邵弈|欧天毅,6,683,silver,skip: school already has 3,
450,198,75,shanghai,75,华南师范大学,寻找 asxziill 的魔法,蔡润钦|余昕烨|温则葆,5,930,silver,admitted,yes
451,,76,wuhan,76,杭州师范大学,救救GGBond,徐鑫懿|王昊琛|王科然,5,657,silver,skip: team already admitted at xian #65,
452,199,76,shenyang,76,中国传媒大学,葬送的acmer与香辛料,李善朔|余逸阳|赵俊凯,4,300,silver,admitted,yes
453,200,76,xian,76,浙江工业大学,彗星猫猫,蔡柏航|雷昊喆|王池康,5,539,silver,admitted,yes
454,,76,nanjing,76,湘潭大学,冬月既朔,谢东骏|李名杰|谢先皓,5,1050,silver,skip: team already admitted at shenyang #62,
455,201,76,chengdu,76,福建理工大学,fjoi我爱你,林舜华|颜嘉民|邹连晟,6,717,silver,admitted,yes
456,,76,shanghai,76,武汉理工大学,不再曼波,周泽鹏|孙晨奥|邢家童,5,943,silver,skip: team already admitted at wuhan #43,
457,202,77,wuhan,77,厦门大学,请输入文本,谢舜天|陈浩泽|郑榜韬,5,669,silver,admitted,yes
458,203,77,shenyang,77,中国科学院大学,动态数组,张高翔|张家诚|陈麒安,4,301,silver,admitted,yes
459,,77,xian,77,武汉大学,菠萝催学,张明宇|扶阳|黄欣岚,5,552,silver,skip: school already has 3,
460,204,77,nanjing,77,浙大城市学院,别碰我键盘,项天聪|杨烨锋|张宸赫,4,177,silver,admitted,yes
461,,77,chengdu,77,福州大学,世末歌者,郎易恒|方林升|王盛明,6,718,silver,skip: team already admitted at shenyang #63,
462,,77,shanghai,76,华南理工大学,Regain Lost Courage,马成均|邵弈|欧天毅,5,943,silver,skip: school already has 3,
463,205,78,wuhan,78,中国科学院大学,通关,石曜铭|吕安哲|尤俊翔,5,671,silver,admitted,yes
464,206,78,shenyang,78,天津大学,天大9队,李佳璘|刘天轩|冯开淇,4,308,silver,admitted,yes
465,,78,xian,78,中国科学技术大学,Straight into the AC,栾峻岩|陈天添|娄彦轩,5,554,silver,skip: school already has 3,
466,207,78,nanjing,78,国防科技大学,potato_AC_tomato,彭正圣|杨天鹏|马艺洋,4,286,silver,admitted,yes
467,208,78,chengdu,78,南京理工大学,做题一定要AC,刘宇|高昂|王玉毅,6,743,silver,admitted,yes
468,,78,shanghai,78,南开大学,数智省身_唯独可以做到的就是线段树,金继烨|赵思远|郭鑫源,5,946,silver,skip: team already admitted at nanjing #35,
469,,79,wuhan,79,中国科学技术大学,六,王歆喆|许傲施|蔡敦行,5,672,silver,skip: school already has 3,
470,,79,shenyang,79,浙江大学,小蜜蜂,陈子谦|俞博|靳鹏举,4,312,silver,skip: school already has 3,
471,209,79,xian,79,北京科技大学,顽强报名奖,潘涵|姜皓凯|董瑞洋,5,557,silver,admitted,yes
472,,79,nanjing,79,哈尔滨工业大学,长崎不爽世,杜宇丰|黎子川|陈信帆,4,311,silver,skip: school already has 3,
473,,79,chengdu,79,华东师范大学,去有风的地方,江楠|单敏杰|杜霖,6,744,silver,skip: team already admitted at shenyang #22,
474,210,79,shanghai,79,浙江师范大学,我是猫娘,潘锦桦|曹钰超|俞天琦,5,1005,silver,admitted,yes
475,,80,wuhan,80,东南大学,西西弗斯,刘一鸣|何辰玮|王俊迪,5,675,silver,skip: team already admitted at wuhan #40,
476,,80,shenyang,80,哈尔滨工业大学（深圳）,溢出,李俊铖|谢明啸|李有维,4,315,silver,skip: school already has 3,
477,,80,xian,80,中国科学技术大学,一零零一,赵宋樾|孙一睿|吴雨桐,5,573,silver,skip: school already has 3,
478,,80,nanjing,80,杭州电子科技大学,杭电6队,伍耀文|姜浥尘|王泽,4,315,silver,skip: school already has 3,
479,,80,chengdu,79,浙江农林大学,天河圣芒斩,任益超|朱冠霖|陈柳,6,744,silver,skip: team already admitted at shenyang #30,
480,,80,shanghai,80,杭州电子科技大学,杭电7队,高书捷|王磊|祁梵森,5,1051,silver,skip: school already has 3,
481,,81,wuhan,81,中南大学,你抚琵琶奏琴弦,文启智|刘鸣晓|叶楷,5,676,silver,skip: team already admitted at chengdu #57,
482,,81,shenyang,80,华中科技大学,棍十六,王子石|刘嘉恒|郭梓洋,4,315,silver,skip: school already has 3,
483,211,81,xian,81,南京邮电大学,Transformer,卫鸿飞|刘君涵|贲振豪,5,583,silver,admitted,yes
484,,81,nanjing,81,华南师范大学,破解诅咒的魔法,蔡润钦|余昕烨|温则葆,4,373,silver,skip: team already admitted at shanghai #75,
485,212,81,chengdu,81,大连理工大学,大连理工四队,汪瀚声|吴胤祺|孟家祺,6,760,silver,admitted,yes
486,,81,shanghai,81,暨南大学,沪游暨,刘昌源|王宇涛|杨希桐,5,1103,silver,skip: team already admitted at wuhan #24,
487,213,82,wuhan,82,山东大学（威海）,进击的奶龙,温泽林|陈汶泽|赵禹权,5,677,silver,admitted,yes
488,214,82,shenyang,82,东北林业大学,其实我更会种树,王中宇|李轶|吕亮,4,316,silver,admitted,yes
489,215,82,xian,82,武汉理工大学,必须捍卫的名额,胡书诚|王浩丞|王雨辰,5,585,silver,admitted,yes
490,,82,nanjing,82,香港中文大学（深圳）,正在验证该队是否是真人。,孙超逸|周天|张力文,4,390,silver,skip: team already admitted at wuhan #72,
491,,82,chengdu,82,杭州电子科技大学,杭电2队,乐星宇|张雨泽|王秉杭,6,764,silver,skip: team already admitted at nanjing #47,
492,216,82,shanghai,82,浙江财经大学,压缩饼干,陈君豪|林煜超|王强,5,1229,silver,admitted,yes
493,,83,wuhan,83,中国科学院大学,面无波澜,马宇骏|邱宇峰|蔡钟渔,5,688,silver,skip: school already has 3,
494,217,83,shenyang,83,南京理工大学,天梯赛 136，出击！,陈宇航|许廷阳|谭清海,4,331,silver,admitted,yes
495,,83,xian,83,大连理工大学,逆元,连茗暄|刘博文|刘兆洲,5,588,silver,skip: school already has 3,
496,,83,nanjing,83,厦门大学,绝密icpc保险出金了,彭泽喜|王业盛|吴俊豪,4,391,silver,skip: school already has 3,
497,,83,chengdu,82,中国科学技术大学,6,蔡敦行|许傲施|王歆喆,6,764,silver,skip: school already has 3,
498,,83,shanghai,83,杭州电子科技大学信息工程学院,无尽的风之轨迹,杨鑫|尹凯乐|吴锦豪,5,1293,silver,skip: team already admitted at nanjing #38,
499,,84,wuhan,84,上海大学,树上猫猫头,松浩然|潘铧超|房辰燏,5,693,silver,skip: team already admitted at nanjing #59,
500,,84,shenyang,84,上海理工大学,距离2026年全国硕士研究生招生考试还有34天,章振杰|张皓宇|董柯演,4,333,silver,skip: team already admitted at chengdu #68,
501,218,84,xian,84,南京信息工程大学,冰红茶说的都队,俞卓群|赵彬宏|田轹文,5,590,silver,admitted,yes
502,219,84,nanjing,84,河南大学,自由发挥,李锦辉|魏文博|尤铭,4,392,silver,admitted,yes
503,220,84,chengdu,84,中国石油大学（华东）,UPC1969,刘亚宁|杨立鑫|王亚飞,6,787,silver,admitted,yes
504,221,84,shanghai,84,华南农业大学,那一天的鬼火再响起来,谢易居|梁嘉俊|袁熙,5,2388,silver,admitted,yes
505,222,85,wuhan,85,重庆邮电大学,蓝桥杯喵之队,李悦|陈楷文|朱易轩,5,703,silver,admitted,yes
506,223,85,shenyang,85,深圳大学,扣1生成队名,邹文博|陈昂雄|杨毅博,4,346,silver,admitted,yes
507,,85,xian,85,杭州电子科技大学,杭电9队,黄泽彬|金品曦|吴晨涛,5,598,silver,skip: school already has 3,
508,,85,nanjing,85,吉林大学,未来纵澜,刘昱|王宗凡|张力文,4,404,silver,skip: team already admitted at wuhan #72,
509,,85,chengdu,85,西湖大学,轰炸机数学学院,贾岚晴|王宇涵|武子宸,6,793,silver,skip: school already has 3,
510,,85,shanghai,85,吉林大学,未来纵澜,刘昱|王宗凡|张力文,4,338,silver,skip: team already admitted at wuhan #72,
511,224,86,wuhan,86,西南财经大学,狼狼狼,吴晗|匡政宇|杨龙皓,5,710,silver,admitted,yes
512,225,86,shenyang,86,北京林业大学,深度烧烤,戴正宇|李振梁|陈嘉轩,4,349,silver,admitted,yes
513,226,86,xian,86,大连海事大学,重生之我是秦始皇在逃兵马俑,王金洋|张文豪|何文韬,5,601,silver,admitted,yes
514,,86,nanjing,86,华中科技大学,糖果酱,李嘉明|赵亮亮|丁易然,4,407,silver,skip: school already has 3,
515,227,86,chengdu,86,中国传媒大学,风滚金轮草,谢嘉彤|蔡奕麟|龙岑华,6,799,silver,admitted,yes
516,,86,shanghai,86,四川大学,球状闪电,韩子睿|林宸|李祉橙,4,342,silver,skip: team already admitted at xian #17,
517,228,87,wuhan,87,天津大学,^v^,王嘉晨|张翔智|万文彬,5,717,silver,admitted,yes
518,229,87,shenyang,87,上海大学,i32,韦杰恒|邱吉睿|陈勇,4,351,silver,admitted,yes
519,230,87,xian,87,山东理工大学,千万伏特,李彦硕|姚翰洋|马新皓,5,603,silver,admitted,yes
520,,87,nanjing,87,南京大学,黑骑士,寇裕林|周尹丞|鲍辰睿,4,419,silver,skip: school already has 3,
521,231,87,chengdu,87,河南农业大学,不搞抽象了,许博文|赵嘉驰|张云博,6,813,silver,admitted,yes
522,,87,shanghai,87,电子科技大学,UESTC_雪色光晕,吕书武|陈治臻|李毅远,4,450,silver,skip: school already has 3,
523,232,88,wuhan,88,华南师范大学,残暴的兽蝇,陈华昊|古嘉诚|陈育瀚,5,731,silver,admitted,yes
524,233,88,shenyang,88,北方工业大学,落榜程序员,王思诚|周易|邵奕涵,4,354,silver,admitted,yes
525,,88,xian,88,吉林大学,栈深不知处,石津豪|王星皓|毛胜超,5,604,silver,skip: school already has 3,
526,,88,nanjing,88,西安交通大学,锦筝叹,李牧远|钟宇|胡辰同,4,434,silver,skip: school already has 3,
527,,88,chengdu,88,西安交通大学,这是一个ACM队,陈骏翔|张未艾|王奕尧,6,818,silver,skip: school already has 3,
528,,88,shanghai,88,西安交通大学,天狼星的心脏,洪家庆|刘一可|许孜诚,4,507,silver,skip: team already admitted at shenyang #6,
529,,89,wuhan,89,江苏大学,我们需要一个队名,张道正|薛志康|任屹涵,5,734,silver,skip: team already admitted at shanghai #59,
530,234,89,shenyang,89,广西大学,队名wa2了,郑毅|杜永坤|陈君屹,4,355,silver,admitted,yes
531,235,89,xian,89,重庆大学,三模哈希米,胡远卓|周骁坤|杨展途,5,609,silver,admitted,yes
532,,89,nanjing,89,华南理工大学,Fast Fast TLE,吴挺宇|吴尚鸿|甘景贤,4,435,silver,skip: school already has 3,
533,236,89,chengdu,89,重庆理工大学,弈,许润峰|雷涛|江帅霖,6,826,silver,admitted,yes
534,,89,shanghai,88,杭州电子科技大学,杭电3队,王佳栋|吴启航|王远涛,4,507,silver,skip: school already has 3,
535,,90,wuhan,89,电子科技大学,UESTC_在理工学校想邂逅艺术学妹搞错了什么,冉泽宇|许庆山|王振波,5,734,silver,skip: school already has 3,
536,,90,shenyang,90,华东师范大学,东中国瓷器大学,潘延霖|俞啸海|陈苏杭,4,365,silver,skip: school already has 3,
537,237,90,xian,90,成都信息工程大学,GLaUNIX,常旭海|陈礼烨|吴沂谦,5,619,silver,admitted,yes
538,,90,nanjing,90,同济大学,Non-Trivial TLE,潘越|许思源|上官思洋,4,446,silver,skip: school already has 3,
539,238,90,chengdu,90,成都信息工程大学,冰冷帝企鹅,刘雨葳|林莫豪|秦朝超,6,836,silver,admitted,yes
540,,90,shanghai,90,同济大学,广铁集团,李堂辉|杨欣然|吴晶承,4,523,silver,skip: team already admitted at shenyang #64,
541,,91,wuhan,91,华南理工大学,不喝可乐,李霖峰|崔东旭|胡轩瑞,5,743,silver,skip: school already has 3,
542,239,91,shenyang,91,东南大学,无穷乌鸦之王,周启凡|魏子何|顾凌晗,4,366,silver,admitted,no
543,240,,hongkong,7,The University of Hong Kong,Hot Kpop Union,Qixuan Li|Yuchen Wu|Mingfei Xia,6,785,gold,admitted: Hong Kong fixed seat (126 valid teams < 130),yes
