school_en,school
Aba Teachers College,阿坝师范学院
Anhui Agricultural University,安徽农业大学
Anhui Institute of Information Technology,安徽信息工程学院
Anhui Jianzhu University,安徽建筑大学
Anhui Normal University,安徽师范大学
Anhui University,安徽大学
Anhui University of Finance and Economics,安徽财经大学
Anhui University of Science and Technology,安徽理工大学
Anhui University of Technology,安徽工业大学
Anqing Normal University,安庆师范大学
Anyang Institute of Technology,安阳工学院
Anyang Normal University,安阳师范学院
Army Engineering University of PLA,中国人民解放军陆军工程大学
Baoding University,保定学院
Beibu Gulf University,北部湾大学
Beihang University,北京航空航天大学
Beihua University,北华大学
Beijing City University,北京城市学院
Beijing Electronic Science and Technology Institute,北京电子科技学院
Beijing Foreign Studies University,北京外国语大学
Beijing Forestry University,北京林业大学
Beijing Information Science and Technology University,北京信息科技大学
Beijing Institute of Graphic Communication,北京印刷学院
Beijing Institute of Technology,北京理工大学
"Beijing Institute of Technology, Zhuhai",北京理工大学珠海学院
Beijing Jiaotong University,北京交通大学
"Beijing Jiaotong University, Weihai",北京交通大学（威海）
Beijing Language and Culture University,北京语言大学
Beijing Normal University,北京师范大学
Beijing Normal University at Zhuhai,北京师范大学珠海校区
Beijing Normal-Hong Kong Baptist University,北师香港浸会大学
Beijing University of Chemical Technology,北京化工大学
Beijing University of Chinese Medicine,北京中医药大学
Beijing University of Civil Engineering and Architecture,北京建筑大学
Beijing University of Posts and Telecommunications,北京邮电大学
Beijing University of Technology,北京工业大学
Capital Normal University,首都师范大学
Central China Normal University,华中师范大学
Central South University,中南大学
Central South University of Forestry and Technology,中南林业科技大学
Central University of Finance and Economics,中央财经大学
"Century College, Beijing University of Posts and Telecommunications",北京邮电大学世纪学院
Chang'an University,长安大学
Changchun College of Electronic Technology,长春电子科技学院
Changchun University,长春大学
Changchun University of Finance and Economics,长春财经学院
Changchun University of Science and Technology,长春理工大学
Changchun University of Technology,长春工业大学
Changsha University,长沙学院
Changsha University of Science and Technology,长沙理工大学
Changzhou Institute of Technology,常州工学院
Changzhou University,常州大学
Chengdu College of University of Electronic Science and Technology of China,电子科技大学成都学院
Chengdu Jincheng College,成都锦城学院
Chengdu Neusoft Institute of Information,成都东软学院
Chengdu Normal University,成都师范学院
Chengdu University,成都大学
Chengdu University of Information Technology,成都信息工程大学
Chengdu University of Technology,成都理工大学
China Agricultural University,中国农业大学
China Jiliang University,中国计量大学
China Jiliang University College of Modern Science and Technology,中国计量大学现代科技学院
China Three Gorges University,三峡大学
China University of Geosciences,中国地质大学（武汉）
"China University of Geosciences, Beijing",中国地质大学（北京）
China University of Mining and Technology,中国矿业大学
"China University of Mining and Technology, Beijing",中国矿业大学（北京）
China University of Petroleum,中国石油大学（华东）
"China University of Petroleum, Beijing",中国石油大学（北京）
China University of Petroleum-Beijing at Karamay,中国石油大学（北京）克拉玛依校区
China West Normal University,西华师范大学
"Chongqing College of Humanities, Science and Technology",重庆人文科技学院
Chongqing College of Mobile Communication,重庆移通学院
Chongqing Institute of Engineering,重庆工程学院
Chongqing Jiaotong University,重庆交通大学
Chongqing Metropolitan College of Science and Technology,重庆城市科技学院
Chongqing Polytechnic University of Electronic Technology,重庆电子科技职业大学
Chongqing Technology and Business University,重庆工商大学
Chongqing University,重庆大学
Chongqing University of Arts and Sciences,重庆文理学院
Chongqing University of Education,重庆第二师范学院
Chongqing University of Posts and Telecommunications,重庆邮电大学
Chongqing University of Science and Technology,重庆科技大学
Chongqing University of Technology,重庆理工大学
Chuzhou University,滁州学院
City University of Hong Kong,香港城市大学
City University of Hong Kong (Dongguan),香港城市大学（东莞）
City University of Macau,澳门城市大学
Civil Aviation University of China,中国民航大学
College of International Business and Economics,武汉纺织大学外经贸学院
Communication University Of China,中国传媒大学
Communication University of Zhejiang,浙江传媒学院
Concord University College Fujian Normal University,福建师范大学协和学院
Dalian Institute of Science and Technology,大连科技学院
Dalian Jiaotong University,大连交通大学
Dalian Maritime University,大连海事大学
Dalian Minzu University,大连民族大学
Dalian Neusoft University of Information,大连东软信息学院
Dalian Ocean University,大连海洋大学
Dalian University,大连大学
Dalian University of Engineering,大连理工大学城市学院
Dalian University of Foreign Languages,大连外国语大学
Dalian University of Technology,大连理工大学
Dongguan City University,东莞城市学院
Dongguan University of Technology,东莞理工学院
Donghua University,东华大学
Duke Kunshan University,昆山杜克大学
East China Jiaotong University,华东交通大学
East China Normal University,华东师范大学
East China University of Political Science and Law,华东政法大学
East China University of Science and Technology,华东理工大学
East China University of Technology,东华理工大学
Foshan University,佛山大学
Fudan University,复旦大学
Fujian Agriculture and Forestry University,福建农林大学
Fujian Business University,福建商学院
Fujian Normal University,福建师范大学
Fujian Polytechnic Normal University,福建技术师范学院
Fujian University of Technology,福建理工大学
Fuyang Normal University,阜阳师范大学
Fuzhou Technology and Business University,福州工商学院
Fuzhou University,福州大学
Fuzhou University of International Studies and Trade,福州外语外贸学院
Gandong University,赣东学院
Gansu Agricultural University,甘肃农业大学
Geely University of China,吉利学院
Guang Dong Peizheng College,广东培正学院
Guangdong Industry Polytechnic University,广东轻工职业技术大学
Guangdong Ocean University,广东海洋大学
Guangdong Polytechnic Normal University,广东技术师范大学
Guangdong University of Finance,广东金融学院
Guangdong University of Foreign Studies,广东外语外贸大学
Guangdong University of Foreign Studies South China Business College,广东外语外贸大学南国商学院
Guangdong University of Technology,广东工业大学
"Guangdong University of Technology, Jieyang Campus",广东工业大学揭阳校区
Guangxi Minzu University,广西民族大学
Guangxi Normal University,广西师范大学
Guangxi Science and Technology Normal University,广西科技师范学院
Guangxi University,广西大学
Guangxi University of Science and Technology,广西科技大学
Guangzhou City University of Technology,广州城市理工学院
Guangzhou College of Applied Science and Technology,广州应用科技学院
Guangzhou College of Commerce,广州商学院
Guangzhou College of Technology and Business,广州工商学院
Guangzhou Huali College,广州华立学院
Guangzhou Huashang College,广州华商学院
Guangzhou Institute of Science and Technology,广州理工学院
Guangzhou University,广州大学
Guangzhou University of Software,广州软件学院
Guangzhou Xinhua University,广州新华学院
Guilin Institute of Information Technology,桂林信息科技学院
Guilin University of Aerospace Technology,桂林航天工业学院
Guilin University of Electronic Technology,桂林电子科技大学
Guizhou Education University,贵州师范学院
Guizhou Institute of Technology,贵州理工学院
Guizhou Minzu University,贵州民族大学
Guizhou Normal University,贵州师范大学
Guizhou University,贵州大学
Guizhou University of Engineering Science,贵州工程应用技术学院
Hainan Bielefeld University of Applied Sciences,海南比勒费尔德应用科学大学
Hainan University,海南大学
Hangzhou City University,浙大城市学院
Hangzhou Dianzi University,杭州电子科技大学
Hangzhou Dianzi University Information Engineering College,杭州电子科技大学信息工程学院
Hangzhou Normal University,杭州师范大学
Hangzhou Polytechnic University,杭州职业技术大学
Hanjiang Normal University,汉江师范学院
Hanshan Normal University,韩山师范学院
Harbin Engineering University,哈尔滨工程大学
Harbin Huade University,哈尔滨华德学院
Harbin Institute of Information Technology,哈尔滨信息工程学院
Harbin Institute of Petroleum,哈尔滨石油学院
Harbin Institute of Technology,哈尔滨工业大学
"Harbin Institute of Technology, Shenzhen",哈尔滨工业大学（深圳）
"Harbin Institute of Technology, Weihai",哈尔滨工业大学（威海）
Harbin University,哈尔滨学院
Harbin University of Commerce,哈尔滨商业大学
Harbin University of Science and Technology,哈尔滨理工大学
"Harbin University of Science and Technology, Wei Hai",哈尔滨理工大学(荣成)
Hebei Agricultural University,河北农业大学
Hebei Finance University,河北金融学院
Hebei Normal University,河北师范大学
Hebei Normal University of Science and Technology,河北科技师范学院
Hebei University,河北大学
Hebei University of Economics and Business,河北经贸大学
Hebei University of Engineering,河北工程大学
Hebei University of Engineering Science,河北工程技术学院
Hebei University of Science and Technology,河北科技大学
Hebei University of Technology,河北工业大学
Hefei University,合肥大学
Hefei University of Technology,合肥工业大学
Hefei University of Technology Xuancheng Campus‌,合肥工业大学宣城校区
Heihe University,黑河学院
Heilongjiang Bayi Agricultural University,黑龙江八一农垦大学
Heilongjiang Institute of Technology,黑龙江工程学院
Heilongjiang University,黑龙江大学
Heilongjiang University of Science and Technology,黑龙江科技大学
Henan Agricultural University,河南农业大学
Henan Finance University,河南财政金融学院
Henan Institute of Science and Technology,河南科技学院
Henan Normal University,河南师范大学
Henan Polytechnic University,河南理工大学
Henan University,河南大学
Henan University of Animal Husbandry and Economy,河南牧业经济学院
Henan University of Economics and Law,河南财经政法大学
Henan University of Engineering,河南工程学院
Henan University of Science and Technology,河南科技大学
Henan University of Technology,河南工业大学
Henan University of Urban Construction,河南城建学院
Hengshui University,衡水学院
Hengyang Normal University,衡阳师范学院
Hohai University,河海大学
Hong Kong Baptist University,香港浸会大学
Huai'an University,淮安大学
Huaibei Institute of Technology,淮北理工学院
Huaihua University,怀化学院
HuangHuai University,黄淮学院
Huanggang Normal University,黄冈师范学院
Huaqiao University,华侨大学
Huazhong Agricultural University,华中农业大学
Huazhong University of Science and Technology,华中科技大学
Hubei Normal University,湖北师范大学
Hubei University,湖北大学
Hubei University of Arts and Science,湖北文理学院
Hubei University of Automotive Technology,湖北汽车工业学院
Hubei University of Chinese Medicine,湖北中医药大学
Hubei University of Economics,湖北经济学院
Hubei University of Education,湖北第二师范学院
Hubei University of Technology,湖北工业大学
Hubei University of Technology Engineering and Technology College,湖北工业大学工程技术学院
Huizhou University,惠州学院
Hunan Agricultural University,湖南农业大学
Hunan City University,湖南城市学院
Hunan Institute of Engineering,湖南工程学院
Hunan Institute of Science and Technology,湖南理工学院
Hunan Institute of Technology,湖南工学院
Hunan International Economics University,湖南涉外经济学院
Hunan Normal University,湖南师范大学
Hunan Police Academy,湖南警察学院
Hunan University,湖南大学
Hunan University of Arts and Science,湖南文理学院
Hunan University of Chinese Medicine,湖南中医药大学
Hunan University of Finance and Economics,湖南财政经济学院
"Hunan University of Humanities, Science and Technology",湖南人文科技学院
Hunan University of Science and Engineering,湖南科技学院
Hunan University of Science and Technology,湖南科技大学
Hunan University of Technology,湖南工业大学
Huzhou College,湖州学院
Huzhou Normal University,湖州师范学院
Information Engineering University,信息工程大学
Inner Mongolia Minzu University,内蒙古民族大学
Inner Mongolia Normal University,内蒙古师范大学
Inner Mongolia University,内蒙古大学
Inner Mongolia University of Technology,内蒙古工业大学
Institute of Disaster Prevention,防灾科技学院（已更名为应急管理大学）
JiLin Agricultural Science and Technology College,吉林农业科技学院
Jianghan University,江汉大学
Jiangnan University,江南大学
Jiangsu Normal University,江苏师范大学
Jiangsu Ocean University,江苏海洋大学
Jiangsu University,江苏大学
Jiangsu University of Science and Technology,江苏科技大学
"Jiangsu University of Science and Technology, Zhangjiagang Campus",江苏科技大学张家港校区
Jiangsu University of Technology,江苏理工学院
Jiangxi Agricultural University,江西农业大学
Jiangxi Institute of Fashion Technology,江西服装学院
Jiangxi Normal University,江西师范大学
Jiangxi Police Institute,江西警察学院
Jiangxi University of Finance and Economics,江西财经大学
Jiangxi University of Science and Technology,江西理工大学
Jiangxi University of Science and Technology (Nanchang Campus),江西理工大学南昌校区
Jiangxi University of Software Professional Technology,江西软件职业技术大学
Jiangxi University of Technology,江西科技学院
Jiangxi University of Water Resources and Electric Power,江西水利电力大学
Jiaxing University,嘉兴大学
Jiaying University,嘉应学院
Jilin International Studies University,吉林外国语大学
Jilin Normal University,吉林师范大学
Jilin University,吉林大学
Jimei University,集美大学
Jinan University,暨南大学
Jingdezhen Ceramic University,景德镇陶瓷大学
Jinggangshan University,井冈山大学
Jining Medical University,济宁医学院
Jining University,济宁学院
Jinling Institute of Technology,金陵科技学院
Jishou University,吉首大学
Jiujiang University,九江学院
Jiyang College of Zhejiang A&F University,浙江农林大学暨阳学院
Kunming University,昆明学院
Kunming University of Science and Technology,昆明理工大学
Lanzhou City University,兰州城市学院
Lanzhou Jiaotong University,兰州交通大学
Lanzhou Technology and Business College,兰州工商学院
Lanzhou University,兰州大学
Lanzhou University Of Technology,兰州理工大学
Leshan Normal University,乐山师范学院
LiaoNing Petrochemical University,辽宁石油化工大学
Liaoning Normal University,辽宁师范大学
Liaoning Technical University,辽宁工程技术大学
Liaoning University,辽宁大学
Liaoning University of Technology,辽宁工业大学
Linyi University,临沂大学
Lishui University,丽水学院
Longyan University,龙岩学院
Ludong University,鲁东大学
Macau University of Science and Technology,澳门科技大学
Mianyang City College,绵阳城市学院
Minnan Normal University,闽南师范大学
Minzu University of China,中央民族大学
NanJing XiaoZhuang University,南京晓庄学院
Nanchang Hangkong University,南昌航空大学
Nanchang Institute of Technology,南昌理工学院
Nanchang Jiaotong Institute,南昌交通学院
Nanchang University,南昌大学
Nanfang College Guangzhou,广州南方学院
Nanjing Agricultural University,南京农业大学
Nanjing Audit University,南京审计大学
Nanjing Forestry University,南京林业大学
Nanjing Institute of Technology,南京工程学院
Nanjing Normal University,南京师范大学
Nanjing Tech University,南京工业大学
Nanjing University,南京大学
Nanjing University of Aeronautics and Astronautics,南京航空航天大学
Nanjing University of Chinese Medicine,南京中医药大学
Nanjing University of Finance and Economics,南京财经大学
Nanjing University of Industry Technology,南京工业职业技术大学
Nanjing University of Information Science and Technology,南京信息工程大学
Nanjing University of Posts and Telecommunications,南京邮电大学
Nanjing University of Science and Technology,南京理工大学
Nanjing University of Science and Technology ZiJin College,南京理工大学紫金学院
Nankai University,南开大学
Nanning Normal University,南宁师范大学
Nantong Institute of Technology,南通理工学院
Nantong University,南通大学
Nanyang Institute of Technology,南阳理工学院
Nanyang Normal University,南阳师范学院
National University of Defense Technology,国防科技大学
National University of Mongolia,蒙古国立大学(Монгол Улсын Их Сургууль)
Neusoft Institute Guangdong,广东东软学院
New York University Shanghai,上海纽约大学
Ningbo City College of Vocational Technology,宁波城市职业技术学院
Ningbo Polytechnic University,宁波职业技术大学
Ningbo University,宁波大学
Ningbo University of Finance and Economics,宁波财经学院
Ningbo University of Technology,宁波工程学院
NingboTech University,浙大宁波理工学院
Ningde Normal University,宁德师范学院
Ningxia University,宁夏大学
North China Electric Power University (Baoding),华北电力大学（保定）
North China Institute of Science and Technology,华北科技学院
North China University of Science and Technology,华北理工大学
North China University of Technology,北方工业大学
North China University of Water Resources and Electric Power,华北水利水电大学
North Minzu University,北方民族大学
North University of China,中北大学
Northeast Agricultural University,东北农业大学
Northeast Electric Power University,东北电力大学
Northeast Forestry University,东北林业大学
Northeast Normal University,东北师范大学
Northeast Petroleum University at Qinhuangdao,东北石油大学秦皇岛校区
Northeastern University,东北大学
Northeastern University at Qinhuangdao,东北大学秦皇岛分校
Northwest A&F University,西北农林科技大学
Northwest Minzu University,西北民族大学
Northwest Normal University,西北师范大学
Northwest University,西北大学
Northwestern Polytechnical University,西北工业大学
Ocean University Of China,中国海洋大学
Panjin Campus of Dalian University of Technology,大连理工大学盘锦校区
Peking University,北京大学
People's Public Security University of China,中国人民公安大学
Pingdingshan University,平顶山学院
Pingxiang University,萍乡学院
Putian University,莆田学院
Qilu University of Technology,齐鲁工业大学（山东省科学院）
Qingdao Agricultural University,青岛农业大学
Qingdao Huanghai University,青岛黄海学院
Qingdao University,青岛大学
Qingdao University of Science and Technology,青岛科技大学
Qingdao University of Technology,青岛理工大学
Qinghai Minzu University,青海民族大学
Qiongtai Normal University,琼台师范学院
Qiqihar Institute of Engineering,齐齐哈尔工程学院
Qiqihar University,齐齐哈尔大学
Quanzhou Normal University,泉州师范学院
Quanzhou University of Information Engineering,泉州信息工程学院
Qufu Normal University,曲阜师范大学
Quzhou College of Technology,衢州职业技术学院
Renmin University of China,中国人民大学
Science and Technology College of NCHU,南昌航空大学科技学院
Shaanxi Normal University,陕西师范大学
Shaanxi University of Science and Technology,陕西科技大学
Shandong Agricultural University,山东农业大学
Shandong First Medical University,山东第一医科大学
Shandong Institute of Petroleum and Chemical Technology,山东石油化工学院
Shandong Jianzhu University,山东建筑大学
Shandong Jiaotong University,山东交通学院
Shandong Management University,山东管理学院
Shandong Normal University,山东师范大学
Shandong Technology and Business University,山东工商学院
Shandong University,山东大学
"Shandong University , Weihai",山东大学（威海）
Shandong University of Finance and Economics,山东财经大学
Shandong University of Science and Technology,山东科技大学
Shandong University of Science and Technology (Taian Campus),山东科技大学泰安校区
Shandong University of Technology,山东理工大学
Shandong University of Traditional Chinese Medicine,山东中医药大学
Shandong Vocational and Technical University of Engineering,山东工程职业技术大学
Shandong Women’s University,山东女子学院
Shandong Youth University of Political Science,山东青年政治学院
Shanghai Institute of Technology,上海应用技术大学
Shanghai Jian Qiao University,上海建桥学院
Shanghai Jiao Tong University,上海交通大学
Shanghai Maritime University,上海海事大学
Shanghai Normal University,上海师范大学
Shanghai Ocean University,上海海洋大学
Shanghai Polytechnic University,上海第二工业大学
Shanghai Sanda University,上海杉达学院
Shanghai University,上海大学
Shanghai University of Electric Power,上海电力大学
Shanghai University of Engineering Science,上海工程技术大学
Shanghai University of Finance and Economics,上海财经大学
Shanghai University of International Business and Economics,上海对外经贸大学
ShanghaiTech University,上海科技大学
Shangqiu Normal University,商丘师范学院
Shangrao Normal University,上饶师范学院
Shantou University,汕头大学
Shanxi University,山西大学
Shanxi University of Finance and Economics,山西财经大学
Shanxi Vocational University of Engineering Science and Technology,山西工程科技职业大学
Shaoguan University,韶关学院
Shaoxing Institute of Technology,绍兴理工学院
Shaoxing University,绍兴文理学院
Shenyang Aerospace University,沈阳航空航天大学
Shenyang Agricultural University,沈阳农业大学
Shenyang City University,沈阳城市学院
Shenyang Institute of Engineering,沈阳工程学院
Shenyang Ligong University,沈阳理工大学
Shenyang Normal University,沈阳师范大学
Shenyang University of Chemical Technology,沈阳化工大学
Shenyang University of Technology,沈阳工业大学
Shenzhen MSU-BIT University,深圳北理莫斯科大学
Shenzhen Polytechnic University,深圳职业技术大学
Shenzhen Technology University,深圳技术大学
Shenzhen University,深圳大学
Shenzhen University of Advanced Technology,深圳理工大学
Shenzhen University of Information Technology,深圳信息职业技术大学
Shihezi University,石河子大学
Shijiazhuang Tiedao University,石家庄铁道大学
Sias University,郑州西亚斯学院
Sichuan Agricultural University,四川农业大学
Sichuan Modern Vocational College,四川现代职业学院
Sichuan Normal University,四川师范大学
Sichuan University,四川大学
Sichuan University Jinjiang College,四川大学锦江学院
Sichuan Vocational College of Information Technology,四川信息职业技术学院
Soochow University (Jiangsu),苏州大学
South China Agricultural University,华南农业大学
South China Normal University,华南师范大学
South China University of Technology,华南理工大学
South-Central Minzu University,中南民族大学
SouthWest Petroleum University,西南石油大学
Southeast University Cheng Xian College,东南大学成贤学院
"Southeast University, China",东南大学
Southern University of Science and Technology,南方科技大学
Southwest Jiaotong University,西南交通大学
Southwest Minzu University,西南民族大学
Southwest University,西南大学
Southwest University of Science and Technology,西南科技大学
Southwestern University of Finance and Economics,西南财经大学
Sun Yat-sen University,中山大学
Suzhou Polytechnic University,苏州职业技术大学
Suzhou University,宿州学院
Suzhou University of Science and Technology,苏州科技大学
Suzhou University of Technology,苏州工学院
TaiShan University,泰山学院
Taiyuan University of Science and Technology,太原科技大学
Taiyuan University of Technology,太原理工大学
"Taizhou Institute of Sci. & Tech., NJUST.",南京理工大学泰州科技学院
Taizhou University (Jiangsu),泰州学院
Taizhou University (Zhejiang),台州学院
Tangshan Normal University,唐山师范学院
Tangshan University,唐山学院
The Chinese University of Hong Kong,香港中文大学
"The Chinese University of Hong Kong, Shenzhen",香港中文大学（深圳）
The Engineering and Technical College of Chengdu University of Technology,成都理工大学工程技术学院
The Hi-tech College of Xi'an University of Technology,西安理工大学高科学院
The Hong Kong Polytechnic University,香港理工大学
The Hong Kong University of Science and Technology,香港科技大学
The Hong Kong University of Science and Technology (Guangzhou),香港科技大学（广州）
The University of Hong Kong,香港大学
Tiangong University,天津工业大学
Tianjin Normal University,天津师范大学
Tianjin Renai College,天津仁爱学院
Tianjin University,天津大学
Tianjin University of Commerce,天津商业大学
Tianjin University of Science and Technology,天津科技大学
Tianjin University of Technology,天津理工大学
Tongda College of Nanjing University of Posts and Telecommunications,南京邮电大学通达学院
Tongji University,同济大学
Tsinghua University,清华大学
University of Chinese Academy of Sciences,中国科学院大学
University of Electronic Science and Technology of China,电子科技大学
"University of Electronic Science and Technology of China, Zhongshan Institute",电子科技大学中山学院
University of Emergency Management,应急管理大学
University of Jinan,济南大学
University of Macau,澳门大学
University of Nottingham Ningbo China,宁波诺丁汉大学
University of Science and Technology Beijing,北京科技大学
University of Science and Technology Liaoning,辽宁科技大学
University of Science and Technology of China,中国科学技术大学
University of Shanghai for Science and Technology,上海理工大学
University of South China,南华大学
Wannan Medical College,皖南医科大学
Weifang University,潍坊学院
Wenzhou Business College,温州商学院
Wenzhou Medical University,温州医科大学
Wenzhou University,温州大学
Wenzhou-Kean University,温州肯恩大学
West Anhui University,皖西学院
Westlake University,西湖大学
Wuchang Shouyi University,武昌首义学院
Wuchang University of Technology,武昌理工学院
Wuhan Business University,武汉商学院
Wuhan College,武汉学院
Wuhan Institute of Technology,武汉工程大学
Wuhan Polytechnic University,武汉轻工大学
Wuhan Technical University,武汉职业技术大学
Wuhan Technology and Business University,武汉工商学院
Wuhan Textile University,武汉纺织大学
Wuhan University,武汉大学
Wuhan University of Science and Technology,武汉科技大学
Wuhan University of Technology,武汉理工大学
Wuhan Vocational College of Software and Engineering,武汉软件工程职业学院
Wuhu University,芜湖学院
Wuxi University,无锡学院
Wuxi University of Technology,无锡职业技术大学
Wuyi University (Guangdong),五邑大学
Wuzhou University,梧州学院
Xi'an Eurasia University,西安欧亚学院
Xi'an Jiaotong University,西安交通大学
Xi'an University of Technology,西安理工大学
Xi`an University of Science and Technology,西安科技大学
Xiamen University,厦门大学
Xiamen University Malaysia,厦门大学马来西亚分校
Xiamen University Tan Kah Kee College,厦门大学嘉庚学院
Xiamen University of Technology,厦门理工学院
Xiangtan University,湘潭大学
Xidian University,西安电子科技大学
Xihua University,西华大学
Xinjiang University,新疆大学
Xinyang Normal University,信阳师范大学
Xizang Minzu University,西藏民族大学
Xi’an Innovation College of Yan’an University,延安大学西安创新学院
Xi’an Jiaotong-Liverpool University,西交利物浦大学
Xi’an Shiyou University,西安石油大学
Xi’an Technological University,西安工业大学
Xi’an University of Architecture and Technology,西安建筑科技大学
Xi’an University of Posts and Telecommunications,西安邮电大学
"Xuhai College, China University of Mining and Technology",中国矿业大学徐海学院
Xuzhou University of Technology,徐州工程学院
Yanbian University,延边大学
Yancheng Institute of Technology,盐城工学院
Yanching Institute of Technology,燕京理工学院
Yango University,阳光学院
Yangtze Normal University,长江师范学院
Yangtze University,长江大学
Yangzhou University,扬州大学
Yanshan University,燕山大学
Yantai University,烟台大学
Yichun Early Childhood Teachers College,宜春幼儿师范高等专科学校
Yichun University,宜春学院
Yueyang University,岳阳学院
Yulin Normal University,玉林师范学院
Yunnan University,云南大学
Yunnan University of Finance and Economics,云南财经大学
Zhanjiang University of Science and Technology,湛江科技学院
Zhaoqing University,肇庆学院
Zhaotong University,昭通学院
Zhejiang A&F University,浙江农林大学
Zhejiang Chinese Medical University,浙江中医药大学
Zhejiang Financial College,浙江金融职业学院
Zhejiang Gongshang University,浙江工商大学
Zhejiang Gongshang University Hangzhou College of Commerce,浙江工商大学杭州商学院
Zhejiang Guangsha Vocational and Technical University of Construction,浙江广厦建设职业技术大学
Zhejiang Industry Polytechnic College,浙江工业职业技术学院
Zhejiang International Studies University,浙江外国语学院
Zhejiang Normal University,浙江师范大学
Zhejiang Ocean University,浙江海洋大学
Zhejiang Polytechnic University of Mechanical and Electrical Engineering,浙江机电职业技术大学
Zhejiang Sci-Tech University,浙江理工大学
Zhejiang University,浙江大学
Zhejiang University of Finance and Economics,浙江财经大学
Zhejiang University of Science & Technology,浙江科技大学
Zhejiang University of Technology,浙江工业大学
Zhejiang University of Water Resources and Electric Power,浙江水利水电学院
Zhejiang Wanli University,浙江万里学院
Zhejiang Yuying College of Vocational Technology,浙江育英职业技术学院
Zhengzhou Business University,郑州商学院
Zhengzhou Normal University,郑州师范学院
Zhengzhou Shengda University,郑州升达经贸管理学院
Zhengzhou Technology and Business University,郑州工商学院
Zhengzhou University,郑州大学
Zhengzhou University of Aeronautics,郑州航空工业管理学院
Zhengzhou University of Economics and Business,郑州经贸学院
Zhengzhou University of Light Industry,郑州轻工业大学
"Zhijiang College, Zhejiang University of Technology",浙江工业大学之江学院
Zhongnan University of Economics and Law,中南财经政法大学
Zhongyuan University Of Technology,中原工学院
Zhuhai College of Science and Technology,珠海科技学院
